<code_scheme name="Default" version="173">
  <Python>
    <option name="SPACE_WITHIN_BRACES" value="true" />
    <option name="SPACE_BEFORE_PY_COLON" value="true" />
    <option name="SPACE_AROUND_EQ_IN_NAMED_PARAMETER" value="true" />
    <option name="SPACE_AROUND_EQ_IN_KEYWORD_ARGUMENT" value="true" />
    <option name="BLANK_LINE_AT_FILE_END" value="false" />
    <option name="NEW_LINE_AFTER_COLON" value="true" />
    <option name="DICT_NEW_LINE_AFTER_LEFT_BRACE" value="true" />
    <option name="DICT_NEW_LINE_BEFORE_RIGHT_BRACE" value="true" />
    <option name="BLANK_LINES_AFTER_LOCAL_IMPORTS" value="1" />
    <option name="USE_CONTINUATION_INDENT_FOR_ARGUMENTS" value="true" />
    <option name="OPTIMIZE_IMPORTS_SORT_NAMES_IN_FROM_IMPORTS" value="true" />
    <option name="OPTIMIZE_IMPORTS_CASE_INSENSITIVE_ORDER" value="true" />
    <option name="FROM_IMPORT_PARENTHESES_FORCE_IF_MULTILINE" value="true" />
    <option name="FROM_IMPORT_TRAILING_COMMA_IF_MULTILINE" value="true" />
  </Python>
  <codeStyleSettings language="Python">
    <option name="RIGHT_MARGIN" value="100" />
    <option name="BLANK_LINES_AROUND_METHOD" value="2" />
    <option name="SPACE_BEFORE_SEMICOLON" value="true" />
    <option name="SPACE_WITHIN_METHOD_CALL_PARENTHESES" value="true" />
    <option name="SPACE_WITHIN_EMPTY_METHOD_CALL_PARENTHESES" value="true" />
    <option name="SPACE_WITHIN_METHOD_PARENTHESES" value="true" />
    <option name="SPACE_WITHIN_EMPTY_METHOD_PARENTHESES" value="true" />
    <option name="SPACE_WITHIN_BRACKETS" value="true" />
    <option name="SPACE_BEFORE_METHOD_CALL_PARENTHESES" value="true" />
    <option name="SPACE_BEFORE_METHOD_PARENTHESES" value="true" />
    <option name="WRAP_LONG_LINES" value="true" />
    <option name="WRAP_ON_TYPING" value="1" />
    <indentOptions>
      <option name="KEEP_INDENTS_ON_EMPTY_LINES" value="true" />
    </indentOptions>
  </codeStyleSettings>
</code_scheme>