<code_scheme name="Default" version="173">
  <option name="RIGHT_MARGIN" value="140" />
  <option name="WRAP_WHEN_TYPING_REACHES_RIGHT_MARGIN" value="true" />
  <option name="FORMATTER_TAGS_ENABLED" value="true" />
  <JavaCodeStyleSettings>
    <option name="BLANK_LINES_AROUND_INITIALIZER" value="2" />
  </JavaCodeStyleSettings>
  <JetCodeStyleSettings>
    <option name="SPACE_AROUND_RANGE" value="true" />
    <option name="SPACE_BEFORE_TYPE_COLON" value="true" />
    <option name="SPACE_AFTER_TYPE_COLON" value="false" />
    <option name="ALIGN_IN_COLUMNS_CASE_BRANCH" value="true" />
    <option name="CODE_STYLE_DEFAULTS" value="KOTLIN_OFFICIAL" />
  </JetCodeStyleSettings>
  <Python>
    <option name="SPACE_WITHIN_BRACES" value="true" />
    <option name="SPACE_BEFORE_PY_COLON" value="true" />
    <option name="SPACE_AROUND_EQ_IN_NAMED_PARAMETER" value="true" />
    <option name="SPACE_AROUND_EQ_IN_KEYWORD_ARGUMENT" value="true" />
    <option name="BLANK_LINE_AT_FILE_END" value="false" />
    <option name="NEW_LINE_AFTER_COLON" value="true" />
    <option name="DICT_NEW_LINE_AFTER_LEFT_BRACE" value="true" />
    <option name="DICT_NEW_LINE_BEFORE_RIGHT_BRACE" value="true" />
    <option name="BLANK_LINES_AFTER_LOCAL_IMPORTS" value="1" />
    <option name="USE_CONTINUATION_INDENT_FOR_ARGUMENTS" value="true" />
    <option name="OPTIMIZE_IMPORTS_SORT_NAMES_IN_FROM_IMPORTS" value="true" />
    <option name="OPTIMIZE_IMPORTS_CASE_INSENSITIVE_ORDER" value="true" />
    <option name="FROM_IMPORT_PARENTHESES_FORCE_IF_MULTILINE" value="true" />
    <option name="FROM_IMPORT_TRAILING_COMMA_IF_MULTILINE" value="true" />
  </Python>
  <codeStyleSettings language="JAVA">
    <option name="LINE_COMMENT_AT_FIRST_COLUMN" value="false" />
    <option name="BLOCK_COMMENT_AT_FIRST_COLUMN" value="false" />
    <option name="LINE_COMMENT_ADD_SPACE" value="true" />
    <option name="KEEP_FIRST_COLUMN_COMMENT" value="false" />
    <option name="BLANK_LINES_AROUND_METHOD" value="2" />
    <option name="BLANK_LINES_AROUND_METHOD_IN_INTERFACE" value="0" />
    <option name="CATCH_ON_NEW_LINE" value="true" />
    <option name="FINALLY_ON_NEW_LINE" value="true" />
    <option name="WRAP_COMMENTS" value="true" />
    <option name="WRAP_ON_TYPING" value="1" />
  </codeStyleSettings>
  <codeStyleSettings language="Python">
    <option name="RIGHT_MARGIN" value="100" />
    <option name="BLANK_LINES_AROUND_METHOD" value="2" />
    <option name="SPACE_BEFORE_SEMICOLON" value="true" />
    <option name="SPACE_WITHIN_METHOD_CALL_PARENTHESES" value="true" />
    <option name="SPACE_WITHIN_EMPTY_METHOD_CALL_PARENTHESES" value="true" />
    <option name="SPACE_WITHIN_METHOD_PARENTHESES" value="true" />
    <option name="SPACE_WITHIN_EMPTY_METHOD_PARENTHESES" value="true" />
    <option name="SPACE_WITHIN_BRACKETS" value="true" />
    <option name="SPACE_BEFORE_METHOD_CALL_PARENTHESES" value="true" />
    <option name="SPACE_BEFORE_METHOD_PARENTHESES" value="true" />
    <option name="WRAP_LONG_LINES" value="true" />
    <option name="WRAP_ON_TYPING" value="1" />
    <indentOptions>
      <option name="KEEP_INDENTS_ON_EMPTY_LINES" value="true" />
    </indentOptions>
  </codeStyleSettings>
  <codeStyleSettings language="XML">
    <arrangement>
      <rules>
        <section>
          <rule>
            <match>
              <AND>
                <NAME>xmlns:android</NAME>
                <XML_ATTRIBUTE />
                <XML_NAMESPACE>^$</XML_NAMESPACE>
              </AND>
            </match>
          </rule>
        </section>
        <section>
          <rule>
            <match>
              <AND>
                <NAME>xmlns:.*</NAME>
                <XML_ATTRIBUTE />
                <XML_NAMESPACE>^$</XML_NAMESPACE>
              </AND>
            </match>
            <order>BY_NAME</order>
          </rule>
        </section>
        <section>
          <rule>
            <match>
              <AND>
                <NAME>.*:id</NAME>
                <XML_ATTRIBUTE />
                <XML_NAMESPACE>http://schemas.android.com/apk/res/android</XML_NAMESPACE>
              </AND>
            </match>
          </rule>
        </section>
        <section>
          <rule>
            <match>
              <AND>
                <NAME>.*:name</NAME>
                <XML_ATTRIBUTE />
                <XML_NAMESPACE>http://schemas.android.com/apk/res/android</XML_NAMESPACE>
              </AND>
            </match>
          </rule>
        </section>
        <section>
          <rule>
            <match>
              <AND>
                <NAME>name</NAME>
                <XML_ATTRIBUTE />
                <XML_NAMESPACE>^$</XML_NAMESPACE>
              </AND>
            </match>
          </rule>
        </section>
        <section>
          <rule>
            <match>
              <AND>
                <NAME>style</NAME>
                <XML_ATTRIBUTE />
                <XML_NAMESPACE>^$</XML_NAMESPACE>
              </AND>
            </match>
          </rule>
        </section>
        <section>
          <rule>
            <match>
              <AND>
                <NAME>.*</NAME>
                <XML_ATTRIBUTE />
                <XML_NAMESPACE>^$</XML_NAMESPACE>
              </AND>
            </match>
            <order>BY_NAME</order>
          </rule>
        </section>
        <section>
          <rule>
            <match>
              <AND>
                <NAME>.*</NAME>
                <XML_ATTRIBUTE />
                <XML_NAMESPACE>http://schemas.android.com/apk/res/android</XML_NAMESPACE>
              </AND>
            </match>
            <order>ANDROID_ATTRIBUTE_ORDER</order>
          </rule>
        </section>
        <section>
          <rule>
            <match>
              <AND>
                <NAME>.*</NAME>
                <XML_ATTRIBUTE />
                <XML_NAMESPACE>.*</XML_NAMESPACE>
              </AND>
            </match>
            <order>BY_NAME</order>
          </rule>
        </section>
      </rules>
    </arrangement>
  </codeStyleSettings>
  <codeStyleSettings language="kotlin">
    <option name="CODE_STYLE_DEFAULTS" value="KOTLIN_OFFICIAL" />
    <option name="ALIGN_MULTILINE_PARAMETERS_IN_CALLS" value="true" />
    <option name="ALIGN_MULTILINE_EXTENDS_LIST" value="true" />
    <option name="ALIGN_MULTILINE_METHOD_BRACKETS" value="true" />
  </codeStyleSettings>
</code_scheme>