<application>
  <component name="FileTypeManager" version="18">
    <ignoreFiles list="*$py.class;*.pyc;*.pyo;*.rbc;*.yarb;*~;.DS_Store;.git;.hg;.svn;CVS;__pycache__;_svn;vssver.scc;vssver2.scc;" />
    <extensionMap>
      <mapping pattern="train.py" type="AUTO_DETECTED" />
      <mapping ext="webp" type="Image" />
      <mapping pattern="test_db" type="Native" />
      <removed_mapping ext="ini" approved="true" type="PLAIN_TEXT" />
      <mapping ext="main.kts" type="Kotlin" />
    </extensionMap>
  </component>
</application>