<application>
  <component name="ProjectJdkTable">
    <jdk version="2">
      <name value="Python 3.8 (venv)" />
      <type value="Python SDK" />
      <version value="Python 3.8.5" />
      <homePath value="$USER_HOME$/Dropbox/Programming/python/IndStudy/NewsHandling/venv/bin/python" />
      <roots>
        <classPath>
          <root type="composite">
            <root url="file:///usr/local/lib/python3.8" type="simple" />
            <root url="file:///usr/local/lib/python3.8/lib-dynload" type="simple" />
            <root url="file://$USER_HOME$/Dropbox/Programming/python/IndStudy/NewsHandling/venv/lib/python3.8/site-packages" type="simple" />
            <root url="file://$USER_HOME$/.cache/JetBrains/PyCharmCE2020.2/python_stubs/-1911134378" type="simple" />
            <root url="file://$APPLICATION_HOME_DIR$/plugins/python-ce/helpers/python-skeletons" type="simple" />
            <root url="file://$APPLICATION_HOME_DIR$/plugins/python-ce/helpers/typeshed/stdlib/3.7" type="simple" />
            <root url="file://$APPLICATION_HOME_DIR$/plugins/python-ce/helpers/typeshed/stdlib/3" type="simple" />
            <root url="file://$APPLICATION_HOME_DIR$/plugins/python-ce/helpers/typeshed/stdlib/2and3" type="simple" />
            <root url="file://$APPLICATION_HOME_DIR$/plugins/python-ce/helpers/typeshed/third_party/3" type="simple" />
            <root url="file://$APPLICATION_HOME_DIR$/plugins/python-ce/helpers/typeshed/third_party/2and3" type="simple" />
          </root>
        </classPath>
        <sourcePath>
          <root type="composite" />
        </sourcePath>
      </roots>
      <additional />
    </jdk>
    <jdk version="2">
      <name value="1.8" />
      <type value="JavaSDK" />
      <version value="java version &quot;1.8.0_242&quot;" />
      <homePath value="$APPLICATION_HOME_DIR$/jre" />
      <roots>
        <classPath>
          <root type="composite">
            <root url="jar://$APPLICATION_HOME_DIR$/jre/jre/lib/charsets.jar!/" type="simple" />
            <root url="jar://$APPLICATION_HOME_DIR$/jre/jre/lib/ext/cldrdata.jar!/" type="simple" />
            <root url="jar://$APPLICATION_HOME_DIR$/jre/jre/lib/ext/dnsns.jar!/" type="simple" />
            <root url="jar://$APPLICATION_HOME_DIR$/jre/jre/lib/ext/jaccess.jar!/" type="simple" />
            <root url="jar://$APPLICATION_HOME_DIR$/jre/jre/lib/ext/localedata.jar!/" type="simple" />
            <root url="jar://$APPLICATION_HOME_DIR$/jre/jre/lib/ext/nashorn.jar!/" type="simple" />
            <root url="jar://$APPLICATION_HOME_DIR$/jre/jre/lib/ext/sunec.jar!/" type="simple" />
            <root url="jar://$APPLICATION_HOME_DIR$/jre/jre/lib/ext/sunjce_provider.jar!/" type="simple" />
            <root url="jar://$APPLICATION_HOME_DIR$/jre/jre/lib/ext/sunpkcs11.jar!/" type="simple" />
            <root url="jar://$APPLICATION_HOME_DIR$/jre/jre/lib/ext/zipfs.jar!/" type="simple" />
            <root url="jar://$APPLICATION_HOME_DIR$/jre/jre/lib/jce.jar!/" type="simple" />
            <root url="jar://$APPLICATION_HOME_DIR$/jre/jre/lib/jsse.jar!/" type="simple" />
            <root url="jar://$APPLICATION_HOME_DIR$/jre/jre/lib/management-agent.jar!/" type="simple" />
            <root url="jar://$APPLICATION_HOME_DIR$/jre/jre/lib/resources.jar!/" type="simple" />
            <root url="jar://$APPLICATION_HOME_DIR$/jre/jre/lib/rt.jar!/" type="simple" />
          </root>
        </classPath>
        <sourcePath>
          <root type="composite" />
        </sourcePath>
      </roots>
      <additional />
    </jdk>
    <jdk version="2">
      <name value="1.8 (2)" />
      <type value="JavaSDK" />
      <version value="java version &quot;1.8.0_242&quot;" />
      <homePath value="$APPLICATION_HOME_DIR$/jre" />
      <roots>
        <classPath>
          <root type="composite">
            <root url="jar://$APPLICATION_HOME_DIR$/jre/jre/lib/charsets.jar!/" type="simple" />
            <root url="jar://$APPLICATION_HOME_DIR$/jre/jre/lib/ext/cldrdata.jar!/" type="simple" />
            <root url="jar://$APPLICATION_HOME_DIR$/jre/jre/lib/ext/dnsns.jar!/" type="simple" />
            <root url="jar://$APPLICATION_HOME_DIR$/jre/jre/lib/ext/jaccess.jar!/" type="simple" />
            <root url="jar://$APPLICATION_HOME_DIR$/jre/jre/lib/ext/localedata.jar!/" type="simple" />
            <root url="jar://$APPLICATION_HOME_DIR$/jre/jre/lib/ext/nashorn.jar!/" type="simple" />
            <root url="jar://$APPLICATION_HOME_DIR$/jre/jre/lib/ext/sunec.jar!/" type="simple" />
            <root url="jar://$APPLICATION_HOME_DIR$/jre/jre/lib/ext/sunjce_provider.jar!/" type="simple" />
            <root url="jar://$APPLICATION_HOME_DIR$/jre/jre/lib/ext/sunpkcs11.jar!/" type="simple" />
            <root url="jar://$APPLICATION_HOME_DIR$/jre/jre/lib/ext/zipfs.jar!/" type="simple" />
            <root url="jar://$APPLICATION_HOME_DIR$/jre/jre/lib/jce.jar!/" type="simple" />
            <root url="jar://$APPLICATION_HOME_DIR$/jre/jre/lib/jsse.jar!/" type="simple" />
            <root url="jar://$APPLICATION_HOME_DIR$/jre/jre/lib/management-agent.jar!/" type="simple" />
            <root url="jar://$APPLICATION_HOME_DIR$/jre/jre/lib/resources.jar!/" type="simple" />
            <root url="jar://$APPLICATION_HOME_DIR$/jre/jre/lib/rt.jar!/" type="simple" />
          </root>
        </classPath>
        <sourcePath>
          <root type="composite" />
        </sourcePath>
      </roots>
      <additional />
    </jdk>
    <jdk version="2">
      <name value="Android API 23 Platform" />
      <type value="Android SDK" />
      <version value="java version &quot;1.8.0_242&quot;" />
      <homePath value="$USER_HOME$/Android/Sdk" />
      <roots>
        <classPath>
          <root type="composite">
            <root url="jar://$USER_HOME$/Android/Sdk/platforms/android-23/android.jar!/" type="simple" />
            <root url="file://$USER_HOME$/Android/Sdk/platforms/android-23/data/res" type="simple" />
          </root>
        </classPath>
        <sourcePath>
          <root type="composite">
            <root url="file://$USER_HOME$/Android/Sdk/sources/android-23" type="simple" />
          </root>
        </sourcePath>
      </roots>
      <additional jdk="1.8 (2)" sdk="android-23" />
    </jdk>
    <jdk version="2">
      <name value="Android API 30 Platform" />
      <type value="Android SDK" />
      <version value="java version &quot;1.8.0_242&quot;" />
      <homePath value="$USER_HOME$/Android/Sdk" />
      <roots>
        <classPath>
          <root type="composite">
            <root url="jar://$USER_HOME$/Android/Sdk/platforms/android-30/android.jar!/" type="simple" />
            <root url="file://$USER_HOME$/Android/Sdk/platforms/android-30/data/res" type="simple" />
          </root>
        </classPath>
        <sourcePath>
          <root type="composite">
            <root url="file://$USER_HOME$/Android/Sdk/sources/android-30" type="simple" />
          </root>
        </sourcePath>
      </roots>
      <additional jdk="1.8" sdk="android-30" />
    </jdk>
    <jdk version="2">
      <name value="Android API 25 Platform" />
      <type value="Android SDK" />
      <version value="java version &quot;1.8.0_242&quot;" />
      <homePath value="$USER_HOME$/Android/Sdk" />
      <roots>
        <classPath>
          <root type="composite">
            <root url="jar://$USER_HOME$/Android/Sdk/platforms/android-25/android.jar!/" type="simple" />
            <root url="file://$USER_HOME$/Android/Sdk/platforms/android-25/data/res" type="simple" />
          </root>
        </classPath>
        <sourcePath>
          <root type="composite">
            <root url="file://$USER_HOME$/Android/Sdk/sources/android-25" type="simple" />
          </root>
        </sourcePath>
      </roots>
      <additional jdk="1.8" sdk="android-25" />
    </jdk>
    <jdk version="2">
      <name value="Android API 26 Platform" />
      <type value="Android SDK" />
      <version value="java version &quot;1.8.0_242&quot;" />
      <homePath value="$USER_HOME$/Android/Sdk" />
      <roots>
        <classPath>
          <root type="composite">
            <root url="jar://$USER_HOME$/Android/Sdk/platforms/android-26/android.jar!/" type="simple" />
            <root url="file://$USER_HOME$/Android/Sdk/platforms/android-26/data/res" type="simple" />
          </root>
        </classPath>
        <sourcePath>
          <root type="composite" />
        </sourcePath>
      </roots>
      <additional jdk="1.8" sdk="android-26" />
    </jdk>
    <jdk version="2">
      <name value="Python 3.6 (py36)" />
      <type value="Python SDK" />
      <version value="Python 3.6.9" />
      <homePath value="$USER_HOME$/env/py36/bin/python3" />
      <roots>
        <classPath>
          <root type="composite">
            <root url="file:///usr/lib/python3.6" type="simple" />
            <root url="file:///usr/lib/python3.6/lib-dynload" type="simple" />
            <root url="file://$USER_HOME$/env/py36/lib/python3.6/site-packages" type="simple" />
            <root url="file://$USER_HOME$/.cache/JetBrains/PyCharmCE2020.3/python_stubs/638080996" type="simple" />
            <root url="file://$APPLICATION_HOME_DIR$/plugins/python-ce/helpers/python-skeletons" type="simple" />
            <root url="file://$APPLICATION_HOME_DIR$/plugins/python-ce/helpers/typeshed/stdlib/3" type="simple" />
            <root url="file://$APPLICATION_HOME_DIR$/plugins/python-ce/helpers/typeshed/stdlib/2and3" type="simple" />
            <root url="file://$APPLICATION_HOME_DIR$/plugins/python-ce/helpers/typeshed/third_party/3" type="simple" />
            <root url="file://$APPLICATION_HOME_DIR$/plugins/python-ce/helpers/typeshed/third_party/2and3" type="simple" />
          </root>
        </classPath>
        <sourcePath>
          <root type="composite" />
        </sourcePath>
      </roots>
      <additional />
    </jdk>
    <jdk version="2">
      <name value="Pipenv (SuperStudent)" />
      <type value="Python SDK" />
      <homePath value="$USER_HOME$/.local/share/virtualenvs/SuperStudent-PginABXy/bin/python" />
      <roots>
        <classPath>
          <root type="composite">
            <root url="file:///usr/lib/python3.6" type="simple" />
            <root url="file:///usr/lib/python3.6/lib-dynload" type="simple" />
            <root url="file://$USER_HOME$/.local/share/virtualenvs/SuperStudent-PginABXy/lib/python3.6/site-packages" type="simple" />
            <root url="file://$USER_HOME$/.cache/JetBrains/PyCharmCE2020.3/python_stubs/-1548044174" type="simple" />
            <root url="file://$APPLICATION_HOME_DIR$/plugins/python-ce/helpers/python-skeletons" type="simple" />
            <root url="file://$APPLICATION_HOME_DIR$/plugins/python-ce/helpers/typeshed/stdlib/3" type="simple" />
            <root url="file://$APPLICATION_HOME_DIR$/plugins/python-ce/helpers/typeshed/stdlib/2and3" type="simple" />
            <root url="file://$APPLICATION_HOME_DIR$/plugins/python-ce/helpers/typeshed/third_party/3" type="simple" />
            <root url="file://$APPLICATION_HOME_DIR$/plugins/python-ce/helpers/typeshed/third_party/2and3" type="simple" />
          </root>
        </classPath>
        <sourcePath>
          <root type="composite" />
        </sourcePath>
      </roots>
      <additional ASSOCIATED_PROJECT_PATH="$USER_HOME$/Dropbox/TopicProject/SuperStudent" IS_PIPENV="true" />
    </jdk>
    <jdk version="2">
      <name value="Python 3.8 (student)" />
      <type value="Python SDK" />
      <homePath value="$USER_HOME$/env/student/bin/python" />
      <roots>
        <classPath>
          <root type="composite">
            <root url="file:///usr/lib/python3.8" type="simple" />
            <root url="file:///usr/lib/python3.8/lib-dynload" type="simple" />
            <root url="file://$USER_HOME$/env/student/lib/python3.8/site-packages" type="simple" />
            <root url="file://$USER_HOME$/.cache/JetBrains/PyCharmCE2020.3/python_stubs/1111774896" type="simple" />
            <root url="file://$APPLICATION_HOME_DIR$/plugins/python-ce/helpers/python-skeletons" type="simple" />
            <root url="file://$APPLICATION_HOME_DIR$/plugins/python-ce/helpers/typeshed/stdlib/3.7" type="simple" />
            <root url="file://$APPLICATION_HOME_DIR$/plugins/python-ce/helpers/typeshed/stdlib/3" type="simple" />
            <root url="file://$APPLICATION_HOME_DIR$/plugins/python-ce/helpers/typeshed/stdlib/2and3" type="simple" />
            <root url="file://$APPLICATION_HOME_DIR$/plugins/python-ce/helpers/typeshed/third_party/3" type="simple" />
            <root url="file://$APPLICATION_HOME_DIR$/plugins/python-ce/helpers/typeshed/third_party/2and3" type="simple" />
          </root>
        </classPath>
        <sourcePath>
          <root type="composite" />
        </sourcePath>
      </roots>
      <additional ASSOCIATED_PROJECT_PATH="$USER_HOME$/Dropbox/TopicProject/SuperStudent" />
    </jdk>
    <jdk version="2">
      <name value="Python 3.6 (RmVocal)" />
      <type value="Python SDK" />
      <version value="Python 3.6.9" />
      <homePath value="$USER_HOME$/Dropbox/Programming/python/RmVocal/venv/bin/python" />
      <roots>
        <classPath>
          <root type="composite">
            <root url="file:///usr/lib/python3.6" type="simple" />
            <root url="file:///usr/lib/python3.6/lib-dynload" type="simple" />
            <root url="file://$USER_HOME$/Dropbox/Programming/python/RmVocal/venv/lib/python3.6/site-packages" type="simple" />
            <root url="file://$USER_HOME$/.cache/JetBrains/PyCharmCE2020.3/python_stubs/2004157843" type="simple" />
            <root url="file://$APPLICATION_HOME_DIR$/plugins/python-ce/helpers/python-skeletons" type="simple" />
            <root url="file://$APPLICATION_HOME_DIR$/plugins/python-ce/helpers/typeshed/stdlib/3" type="simple" />
            <root url="file://$APPLICATION_HOME_DIR$/plugins/python-ce/helpers/typeshed/stdlib/2and3" type="simple" />
            <root url="file://$APPLICATION_HOME_DIR$/plugins/python-ce/helpers/typeshed/third_party/3" type="simple" />
            <root url="file://$APPLICATION_HOME_DIR$/plugins/python-ce/helpers/typeshed/third_party/2and3" type="simple" />
          </root>
        </classPath>
        <sourcePath>
          <root type="composite" />
        </sourcePath>
      </roots>
      <additional ASSOCIATED_PROJECT_PATH="$USER_HOME$/Dropbox/Programming/python/RmVocal" />
    </jdk>
    <jdk version="2">
      <name value="Python 3.9 (SuperStudent)" />
      <type value="Python SDK" />
      <version value="Python 3.9.5" />
      <homePath value="$USER_HOME$/venv/SuperStudent/bin/python" />
      <roots>
        <classPath>
          <root type="composite">
            <root url="file:///usr/lib/python3.9" type="simple" />
            <root url="file:///usr/lib/python3.9/lib-dynload" type="simple" />
            <root url="file://$USER_HOME$/venv/SuperStudent/lib/python3.9/site-packages" type="simple" />
            <root url="file://$USER_HOME$/.cache/JetBrains/PyCharmCE2021.1/python_stubs/290388785" type="simple" />
            <root url="file://$APPLICATION_HOME_DIR$/plugins/python-ce/helpers/python-skeletons" type="simple" />
            <root url="file://$APPLICATION_HOME_DIR$/plugins/python-ce/helpers/typeshed/stdlib" type="simple" />
            <root url="file://$APPLICATION_HOME_DIR$/plugins/python-ce/helpers/typeshed/stubs/jwt" type="simple" />
            <root url="file://$APPLICATION_HOME_DIR$/plugins/python-ce/helpers/typeshed/stubs/six" type="simple" />
            <root url="file://$APPLICATION_HOME_DIR$/plugins/python-ce/helpers/typeshed/stubs/mock" type="simple" />
            <root url="file://$APPLICATION_HOME_DIR$/plugins/python-ce/helpers/typeshed/stubs/nmap" type="simple" />
            <root url="file://$APPLICATION_HOME_DIR$/plugins/python-ce/helpers/typeshed/stubs/attrs" type="simple" />
            <root url="file://$APPLICATION_HOME_DIR$/plugins/python-ce/helpers/typeshed/stubs/polib" type="simple" />
            <root url="file://$APPLICATION_HOME_DIR$/plugins/python-ce/helpers/typeshed/stubs/retry" type="simple" />
            <root url="file://$APPLICATION_HOME_DIR$/plugins/python-ce/helpers/typeshed/stubs/enum34" type="simple" />
            <root url="file://$APPLICATION_HOME_DIR$/plugins/python-ce/helpers/typeshed/stubs/orjson" type="simple" />
            <root url="file://$APPLICATION_HOME_DIR$/plugins/python-ce/helpers/typeshed/stubs/xxhash" type="simple" />
            <root url="file://$APPLICATION_HOME_DIR$/plugins/python-ce/helpers/typeshed/stubs/chardet" type="simple" />
            <root url="file://$APPLICATION_HOME_DIR$/plugins/python-ce/helpers/typeshed/stubs/futures" type="simple" />
            <root url="file://$APPLICATION_HOME_DIR$/plugins/python-ce/helpers/typeshed/stubs/tzlocal" type="simple" />
            <root url="file://$APPLICATION_HOME_DIR$/plugins/python-ce/helpers/typeshed/stubs/Markdown" type="simple" />
            <root url="file://$APPLICATION_HOME_DIR$/plugins/python-ce/helpers/typeshed/stubs/Werkzeug" type="simple" />
            <root url="file://$APPLICATION_HOME_DIR$/plugins/python-ce/helpers/typeshed/stubs/aiofiles" type="simple" />
            <root url="file://$APPLICATION_HOME_DIR$/plugins/python-ce/helpers/typeshed/stubs/filelock" type="simple" />
            <root url="file://$APPLICATION_HOME_DIR$/plugins/python-ce/helpers/typeshed/stubs/paramiko" type="simple" />
            <root url="file://$APPLICATION_HOME_DIR$/plugins/python-ce/helpers/typeshed/stubs/pathlib2" type="simple" />
            <root url="file://$APPLICATION_HOME_DIR$/plugins/python-ce/helpers/typeshed/stubs/requests" type="simple" />
            <root url="file://$APPLICATION_HOME_DIR$/plugins/python-ce/helpers/typeshed/stubs/waitress" type="simple" />
            <root url="file://$APPLICATION_HOME_DIR$/plugins/python-ce/helpers/typeshed/stubs/freezegun" type="simple" />
            <root url="file://$APPLICATION_HOME_DIR$/plugins/python-ce/helpers/typeshed/stubs/ipaddress" type="simple" />
            <root url="file://$APPLICATION_HOME_DIR$/plugins/python-ce/helpers/typeshed/stubs/pyRFC3339" type="simple" />
            <root url="file://$APPLICATION_HOME_DIR$/plugins/python-ce/helpers/typeshed/stubs/typed-ast" type="simple" />
            <root url="file://$APPLICATION_HOME_DIR$/plugins/python-ce/helpers/typeshed/stubs/Deprecated" type="simple" />
            <root url="file://$APPLICATION_HOME_DIR$/plugins/python-ce/helpers/typeshed/stubs/cachetools" type="simple" />
            <root url="file://$APPLICATION_HOME_DIR$/plugins/python-ce/helpers/typeshed/stubs/frozendict" type="simple" />
            <root url="file://$APPLICATION_HOME_DIR$/plugins/python-ce/helpers/typeshed/stubs/JACK-Client" type="simple" />
            <root url="file://$APPLICATION_HOME_DIR$/plugins/python-ce/helpers/typeshed/stubs/contextvars" type="simple" />
            <root url="file://$APPLICATION_HOME_DIR$/plugins/python-ce/helpers/typeshed/stubs/atomicwrites" type="simple" />
            <root url="file://$APPLICATION_HOME_DIR$/plugins/python-ce/helpers/typeshed/stubs/cryptography" type="simple" />
            <root url="file://$APPLICATION_HOME_DIR$/plugins/python-ce/helpers/typeshed/stubs/DateTimeRange" type="simple" />
            <root url="file://$APPLICATION_HOME_DIR$/plugins/python-ce/helpers/typeshed/stubs/click-spinner" type="simple" />
            <root url="file://$APPLICATION_HOME_DIR$/plugins/python-ce/helpers/typeshed/stubs/pkg_resources" type="simple" />
            <root url="file://$APPLICATION_HOME_DIR$/plugins/python-ce/helpers/typeshed/stubs/python-gflags" type="simple" />
            <root url="file://$APPLICATION_HOME_DIR$/plugins/python-ce/helpers/typeshed/stubs/python-slugify" type="simple" />
            <root url="file://$APPLICATION_HOME_DIR$/plugins/python-ce/helpers/typeshed/stubs/python-dateutil" type="simple" />
            <root url="file://$APPLICATION_HOME_DIR$/plugins/python-ce/helpers/typeshed/stubs/typing-extensions" type="simple" />
          </root>
        </classPath>
        <sourcePath>
          <root type="composite" />
        </sourcePath>
      </roots>
      <additional />
    </jdk>
    <jdk version="2">
      <name value="Python 3.9 (tg)" />
      <type value="Python SDK" />
      <version value="Python 3.9.5" />
      <homePath value="$USER_HOME$/venv/tg/bin/python3" />
      <roots>
        <classPath>
          <root type="composite">
            <root url="file:///usr/lib/python3.9" type="simple" />
            <root url="file:///usr/lib/python3.9/lib-dynload" type="simple" />
            <root url="file://$USER_HOME$/venv/tg/lib/python3.9/site-packages" type="simple" />
            <root url="file://$USER_HOME$/.cache/JetBrains/PyCharmCE2021.1/python_stubs/-1531698891" type="simple" />
            <root url="file://$APPLICATION_HOME_DIR$/plugins/python-ce/helpers/python-skeletons" type="simple" />
            <root url="file://$APPLICATION_HOME_DIR$/plugins/python-ce/helpers/typeshed/stdlib" type="simple" />
            <root url="file://$APPLICATION_HOME_DIR$/plugins/python-ce/helpers/typeshed/stubs/jwt" type="simple" />
            <root url="file://$APPLICATION_HOME_DIR$/plugins/python-ce/helpers/typeshed/stubs/six" type="simple" />
            <root url="file://$APPLICATION_HOME_DIR$/plugins/python-ce/helpers/typeshed/stubs/mock" type="simple" />
            <root url="file://$APPLICATION_HOME_DIR$/plugins/python-ce/helpers/typeshed/stubs/nmap" type="simple" />
            <root url="file://$APPLICATION_HOME_DIR$/plugins/python-ce/helpers/typeshed/stubs/attrs" type="simple" />
            <root url="file://$APPLICATION_HOME_DIR$/plugins/python-ce/helpers/typeshed/stubs/polib" type="simple" />
            <root url="file://$APPLICATION_HOME_DIR$/plugins/python-ce/helpers/typeshed/stubs/retry" type="simple" />
            <root url="file://$APPLICATION_HOME_DIR$/plugins/python-ce/helpers/typeshed/stubs/enum34" type="simple" />
            <root url="file://$APPLICATION_HOME_DIR$/plugins/python-ce/helpers/typeshed/stubs/orjson" type="simple" />
            <root url="file://$APPLICATION_HOME_DIR$/plugins/python-ce/helpers/typeshed/stubs/xxhash" type="simple" />
            <root url="file://$APPLICATION_HOME_DIR$/plugins/python-ce/helpers/typeshed/stubs/chardet" type="simple" />
            <root url="file://$APPLICATION_HOME_DIR$/plugins/python-ce/helpers/typeshed/stubs/futures" type="simple" />
            <root url="file://$APPLICATION_HOME_DIR$/plugins/python-ce/helpers/typeshed/stubs/tzlocal" type="simple" />
            <root url="file://$APPLICATION_HOME_DIR$/plugins/python-ce/helpers/typeshed/stubs/Markdown" type="simple" />
            <root url="file://$APPLICATION_HOME_DIR$/plugins/python-ce/helpers/typeshed/stubs/Werkzeug" type="simple" />
            <root url="file://$APPLICATION_HOME_DIR$/plugins/python-ce/helpers/typeshed/stubs/aiofiles" type="simple" />
            <root url="file://$APPLICATION_HOME_DIR$/plugins/python-ce/helpers/typeshed/stubs/filelock" type="simple" />
            <root url="file://$APPLICATION_HOME_DIR$/plugins/python-ce/helpers/typeshed/stubs/paramiko" type="simple" />
            <root url="file://$APPLICATION_HOME_DIR$/plugins/python-ce/helpers/typeshed/stubs/pathlib2" type="simple" />
            <root url="file://$APPLICATION_HOME_DIR$/plugins/python-ce/helpers/typeshed/stubs/requests" type="simple" />
            <root url="file://$APPLICATION_HOME_DIR$/plugins/python-ce/helpers/typeshed/stubs/waitress" type="simple" />
            <root url="file://$APPLICATION_HOME_DIR$/plugins/python-ce/helpers/typeshed/stubs/freezegun" type="simple" />
            <root url="file://$APPLICATION_HOME_DIR$/plugins/python-ce/helpers/typeshed/stubs/ipaddress" type="simple" />
            <root url="file://$APPLICATION_HOME_DIR$/plugins/python-ce/helpers/typeshed/stubs/pyRFC3339" type="simple" />
            <root url="file://$APPLICATION_HOME_DIR$/plugins/python-ce/helpers/typeshed/stubs/typed-ast" type="simple" />
            <root url="file://$APPLICATION_HOME_DIR$/plugins/python-ce/helpers/typeshed/stubs/Deprecated" type="simple" />
            <root url="file://$APPLICATION_HOME_DIR$/plugins/python-ce/helpers/typeshed/stubs/cachetools" type="simple" />
            <root url="file://$APPLICATION_HOME_DIR$/plugins/python-ce/helpers/typeshed/stubs/frozendict" type="simple" />
            <root url="file://$APPLICATION_HOME_DIR$/plugins/python-ce/helpers/typeshed/stubs/JACK-Client" type="simple" />
            <root url="file://$APPLICATION_HOME_DIR$/plugins/python-ce/helpers/typeshed/stubs/contextvars" type="simple" />
            <root url="file://$APPLICATION_HOME_DIR$/plugins/python-ce/helpers/typeshed/stubs/atomicwrites" type="simple" />
            <root url="file://$APPLICATION_HOME_DIR$/plugins/python-ce/helpers/typeshed/stubs/cryptography" type="simple" />
            <root url="file://$APPLICATION_HOME_DIR$/plugins/python-ce/helpers/typeshed/stubs/DateTimeRange" type="simple" />
            <root url="file://$APPLICATION_HOME_DIR$/plugins/python-ce/helpers/typeshed/stubs/click-spinner" type="simple" />
            <root url="file://$APPLICATION_HOME_DIR$/plugins/python-ce/helpers/typeshed/stubs/pkg_resources" type="simple" />
            <root url="file://$APPLICATION_HOME_DIR$/plugins/python-ce/helpers/typeshed/stubs/python-gflags" type="simple" />
            <root url="file://$APPLICATION_HOME_DIR$/plugins/python-ce/helpers/typeshed/stubs/python-slugify" type="simple" />
            <root url="file://$APPLICATION_HOME_DIR$/plugins/python-ce/helpers/typeshed/stubs/python-dateutil" type="simple" />
            <root url="file://$APPLICATION_HOME_DIR$/plugins/python-ce/helpers/typeshed/stubs/typing-extensions" type="simple" />
          </root>
        </classPath>
        <sourcePath>
          <root type="composite" />
        </sourcePath>
      </roots>
      <additional ASSOCIATED_PROJECT_PATH="$USER_HOME$/Dropbox/SideProjects/TelegramBots/TwitterBot" />
    </jdk>
    <jdk version="2">
      <name value="Python 3.9 (practice)" />
      <type value="Python SDK" />
      <version value="Python 3.9.5" />
      <homePath value="$USER_HOME$/venv/practice/bin/python" />
      <roots>
        <classPath>
          <root type="composite">
            <root url="file:///usr/lib/python3.9" type="simple" />
            <root url="file:///usr/lib/python3.9/lib-dynload" type="simple" />
            <root url="file://$USER_HOME$/venv/practice/lib/python3.9/site-packages" type="simple" />
            <root url="file://$USER_HOME$/.cache/JetBrains/PyCharmCE2021.1/python_stubs/-1526484874" type="simple" />
            <root url="file://$APPLICATION_HOME_DIR$/plugins/python-ce/helpers/python-skeletons" type="simple" />
            <root url="file://$APPLICATION_HOME_DIR$/plugins/python-ce/helpers/typeshed/stdlib" type="simple" />
            <root url="file://$APPLICATION_HOME_DIR$/plugins/python-ce/helpers/typeshed/stubs/jwt" type="simple" />
            <root url="file://$APPLICATION_HOME_DIR$/plugins/python-ce/helpers/typeshed/stubs/six" type="simple" />
            <root url="file://$APPLICATION_HOME_DIR$/plugins/python-ce/helpers/typeshed/stubs/mock" type="simple" />
            <root url="file://$APPLICATION_HOME_DIR$/plugins/python-ce/helpers/typeshed/stubs/nmap" type="simple" />
            <root url="file://$APPLICATION_HOME_DIR$/plugins/python-ce/helpers/typeshed/stubs/attrs" type="simple" />
            <root url="file://$APPLICATION_HOME_DIR$/plugins/python-ce/helpers/typeshed/stubs/polib" type="simple" />
            <root url="file://$APPLICATION_HOME_DIR$/plugins/python-ce/helpers/typeshed/stubs/retry" type="simple" />
            <root url="file://$APPLICATION_HOME_DIR$/plugins/python-ce/helpers/typeshed/stubs/enum34" type="simple" />
            <root url="file://$APPLICATION_HOME_DIR$/plugins/python-ce/helpers/typeshed/stubs/orjson" type="simple" />
            <root url="file://$APPLICATION_HOME_DIR$/plugins/python-ce/helpers/typeshed/stubs/xxhash" type="simple" />
            <root url="file://$APPLICATION_HOME_DIR$/plugins/python-ce/helpers/typeshed/stubs/chardet" type="simple" />
            <root url="file://$APPLICATION_HOME_DIR$/plugins/python-ce/helpers/typeshed/stubs/futures" type="simple" />
            <root url="file://$APPLICATION_HOME_DIR$/plugins/python-ce/helpers/typeshed/stubs/tzlocal" type="simple" />
            <root url="file://$APPLICATION_HOME_DIR$/plugins/python-ce/helpers/typeshed/stubs/Markdown" type="simple" />
            <root url="file://$APPLICATION_HOME_DIR$/plugins/python-ce/helpers/typeshed/stubs/Werkzeug" type="simple" />
            <root url="file://$APPLICATION_HOME_DIR$/plugins/python-ce/helpers/typeshed/stubs/aiofiles" type="simple" />
            <root url="file://$APPLICATION_HOME_DIR$/plugins/python-ce/helpers/typeshed/stubs/filelock" type="simple" />
            <root url="file://$APPLICATION_HOME_DIR$/plugins/python-ce/helpers/typeshed/stubs/paramiko" type="simple" />
            <root url="file://$APPLICATION_HOME_DIR$/plugins/python-ce/helpers/typeshed/stubs/pathlib2" type="simple" />
            <root url="file://$APPLICATION_HOME_DIR$/plugins/python-ce/helpers/typeshed/stubs/requests" type="simple" />
            <root url="file://$APPLICATION_HOME_DIR$/plugins/python-ce/helpers/typeshed/stubs/waitress" type="simple" />
            <root url="file://$APPLICATION_HOME_DIR$/plugins/python-ce/helpers/typeshed/stubs/freezegun" type="simple" />
            <root url="file://$APPLICATION_HOME_DIR$/plugins/python-ce/helpers/typeshed/stubs/ipaddress" type="simple" />
            <root url="file://$APPLICATION_HOME_DIR$/plugins/python-ce/helpers/typeshed/stubs/pyRFC3339" type="simple" />
            <root url="file://$APPLICATION_HOME_DIR$/plugins/python-ce/helpers/typeshed/stubs/typed-ast" type="simple" />
            <root url="file://$APPLICATION_HOME_DIR$/plugins/python-ce/helpers/typeshed/stubs/Deprecated" type="simple" />
            <root url="file://$APPLICATION_HOME_DIR$/plugins/python-ce/helpers/typeshed/stubs/cachetools" type="simple" />
            <root url="file://$APPLICATION_HOME_DIR$/plugins/python-ce/helpers/typeshed/stubs/frozendict" type="simple" />
            <root url="file://$APPLICATION_HOME_DIR$/plugins/python-ce/helpers/typeshed/stubs/JACK-Client" type="simple" />
            <root url="file://$APPLICATION_HOME_DIR$/plugins/python-ce/helpers/typeshed/stubs/contextvars" type="simple" />
            <root url="file://$APPLICATION_HOME_DIR$/plugins/python-ce/helpers/typeshed/stubs/atomicwrites" type="simple" />
            <root url="file://$APPLICATION_HOME_DIR$/plugins/python-ce/helpers/typeshed/stubs/cryptography" type="simple" />
            <root url="file://$APPLICATION_HOME_DIR$/plugins/python-ce/helpers/typeshed/stubs/DateTimeRange" type="simple" />
            <root url="file://$APPLICATION_HOME_DIR$/plugins/python-ce/helpers/typeshed/stubs/click-spinner" type="simple" />
            <root url="file://$APPLICATION_HOME_DIR$/plugins/python-ce/helpers/typeshed/stubs/pkg_resources" type="simple" />
            <root url="file://$APPLICATION_HOME_DIR$/plugins/python-ce/helpers/typeshed/stubs/python-gflags" type="simple" />
            <root url="file://$APPLICATION_HOME_DIR$/plugins/python-ce/helpers/typeshed/stubs/python-slugify" type="simple" />
            <root url="file://$APPLICATION_HOME_DIR$/plugins/python-ce/helpers/typeshed/stubs/python-dateutil" type="simple" />
            <root url="file://$APPLICATION_HOME_DIR$/plugins/python-ce/helpers/typeshed/stubs/typing-extensions" type="simple" />
          </root>
        </classPath>
        <sourcePath>
          <root type="composite" />
        </sourcePath>
      </roots>
      <additional ASSOCIATED_PROJECT_PATH="$USER_HOME$/Dropbox/Programming/python/CoroutinePractice" />
    </jdk>
    <jdk version="2">
      <name value="Python 3.9 (OurGrpBot)" />
      <type value="Python SDK" />
      <version value="Python 3.9.5" />
      <homePath value="$USER_HOME$/Dropbox/SideProjects/TelegramBots/OurGrpBot/venv/bin/python" />
      <roots>
        <classPath>
          <root type="composite">
            <root url="file:///usr/lib/python3.9" type="simple" />
            <root url="file:///usr/lib/python3.9/lib-dynload" type="simple" />
            <root url="file://$USER_HOME$/Dropbox/SideProjects/TelegramBots/OurGrpBot/venv/lib/python3.9/site-packages" type="simple" />
            <root url="file://$USER_HOME$/.cache/JetBrains/PyCharmCE2021.1/python_stubs/-909745650" type="simple" />
            <root url="file://$APPLICATION_HOME_DIR$/plugins/python-ce/helpers/python-skeletons" type="simple" />
            <root url="file://$APPLICATION_HOME_DIR$/plugins/python-ce/helpers/typeshed/stdlib" type="simple" />
            <root url="file://$APPLICATION_HOME_DIR$/plugins/python-ce/helpers/typeshed/stubs/jwt" type="simple" />
            <root url="file://$APPLICATION_HOME_DIR$/plugins/python-ce/helpers/typeshed/stubs/six" type="simple" />
            <root url="file://$APPLICATION_HOME_DIR$/plugins/python-ce/helpers/typeshed/stubs/mock" type="simple" />
            <root url="file://$APPLICATION_HOME_DIR$/plugins/python-ce/helpers/typeshed/stubs/nmap" type="simple" />
            <root url="file://$APPLICATION_HOME_DIR$/plugins/python-ce/helpers/typeshed/stubs/attrs" type="simple" />
            <root url="file://$APPLICATION_HOME_DIR$/plugins/python-ce/helpers/typeshed/stubs/polib" type="simple" />
            <root url="file://$APPLICATION_HOME_DIR$/plugins/python-ce/helpers/typeshed/stubs/retry" type="simple" />
            <root url="file://$APPLICATION_HOME_DIR$/plugins/python-ce/helpers/typeshed/stubs/enum34" type="simple" />
            <root url="file://$APPLICATION_HOME_DIR$/plugins/python-ce/helpers/typeshed/stubs/orjson" type="simple" />
            <root url="file://$APPLICATION_HOME_DIR$/plugins/python-ce/helpers/typeshed/stubs/xxhash" type="simple" />
            <root url="file://$APPLICATION_HOME_DIR$/plugins/python-ce/helpers/typeshed/stubs/chardet" type="simple" />
            <root url="file://$APPLICATION_HOME_DIR$/plugins/python-ce/helpers/typeshed/stubs/futures" type="simple" />
            <root url="file://$APPLICATION_HOME_DIR$/plugins/python-ce/helpers/typeshed/stubs/tzlocal" type="simple" />
            <root url="file://$APPLICATION_HOME_DIR$/plugins/python-ce/helpers/typeshed/stubs/Markdown" type="simple" />
            <root url="file://$APPLICATION_HOME_DIR$/plugins/python-ce/helpers/typeshed/stubs/Werkzeug" type="simple" />
            <root url="file://$APPLICATION_HOME_DIR$/plugins/python-ce/helpers/typeshed/stubs/aiofiles" type="simple" />
            <root url="file://$APPLICATION_HOME_DIR$/plugins/python-ce/helpers/typeshed/stubs/filelock" type="simple" />
            <root url="file://$APPLICATION_HOME_DIR$/plugins/python-ce/helpers/typeshed/stubs/paramiko" type="simple" />
            <root url="file://$APPLICATION_HOME_DIR$/plugins/python-ce/helpers/typeshed/stubs/pathlib2" type="simple" />
            <root url="file://$APPLICATION_HOME_DIR$/plugins/python-ce/helpers/typeshed/stubs/requests" type="simple" />
            <root url="file://$APPLICATION_HOME_DIR$/plugins/python-ce/helpers/typeshed/stubs/waitress" type="simple" />
            <root url="file://$APPLICATION_HOME_DIR$/plugins/python-ce/helpers/typeshed/stubs/freezegun" type="simple" />
            <root url="file://$APPLICATION_HOME_DIR$/plugins/python-ce/helpers/typeshed/stubs/ipaddress" type="simple" />
            <root url="file://$APPLICATION_HOME_DIR$/plugins/python-ce/helpers/typeshed/stubs/pyRFC3339" type="simple" />
            <root url="file://$APPLICATION_HOME_DIR$/plugins/python-ce/helpers/typeshed/stubs/typed-ast" type="simple" />
            <root url="file://$APPLICATION_HOME_DIR$/plugins/python-ce/helpers/typeshed/stubs/Deprecated" type="simple" />
            <root url="file://$APPLICATION_HOME_DIR$/plugins/python-ce/helpers/typeshed/stubs/cachetools" type="simple" />
            <root url="file://$APPLICATION_HOME_DIR$/plugins/python-ce/helpers/typeshed/stubs/frozendict" type="simple" />
            <root url="file://$APPLICATION_HOME_DIR$/plugins/python-ce/helpers/typeshed/stubs/JACK-Client" type="simple" />
            <root url="file://$APPLICATION_HOME_DIR$/plugins/python-ce/helpers/typeshed/stubs/contextvars" type="simple" />
            <root url="file://$APPLICATION_HOME_DIR$/plugins/python-ce/helpers/typeshed/stubs/atomicwrites" type="simple" />
            <root url="file://$APPLICATION_HOME_DIR$/plugins/python-ce/helpers/typeshed/stubs/cryptography" type="simple" />
            <root url="file://$APPLICATION_HOME_DIR$/plugins/python-ce/helpers/typeshed/stubs/DateTimeRange" type="simple" />
            <root url="file://$APPLICATION_HOME_DIR$/plugins/python-ce/helpers/typeshed/stubs/click-spinner" type="simple" />
            <root url="file://$APPLICATION_HOME_DIR$/plugins/python-ce/helpers/typeshed/stubs/pkg_resources" type="simple" />
            <root url="file://$APPLICATION_HOME_DIR$/plugins/python-ce/helpers/typeshed/stubs/python-gflags" type="simple" />
            <root url="file://$APPLICATION_HOME_DIR$/plugins/python-ce/helpers/typeshed/stubs/python-slugify" type="simple" />
            <root url="file://$APPLICATION_HOME_DIR$/plugins/python-ce/helpers/typeshed/stubs/python-dateutil" type="simple" />
            <root url="file://$APPLICATION_HOME_DIR$/plugins/python-ce/helpers/typeshed/stubs/typing-extensions" type="simple" />
          </root>
        </classPath>
        <sourcePath>
          <root type="composite" />
        </sourcePath>
      </roots>
      <additional ASSOCIATED_PROJECT_PATH="$USER_HOME$/Dropbox/SideProjects/TelegramBots/OurGrpBot" />
    </jdk>
  </component>
</application>