<application>
  <component name="Layout">
    <option name="layouts">
      <array>
        <Layout>
          <option name="editorPlacement" value="1" />
          <option name="name" value="PyCharmLayout" />
          <option name="toolWindows">
            <array>
              <ToolWindowInfo>
                <option name="anchor" value="bottom" />
                <option name="bounds">
                  <Rectangle />
                </option>
                <option name="id" value="TODO" />
                <option name="type" value="SLIDING" />
              </ToolWindowInfo>
              <ToolWindowInfo>
                <option name="anchor" value="bottom" />
                <option name="bounds">
                  <Rectangle />
                </option>
                <option name="id" value="Event Log" />
                <option name="type" value="SLIDING" />
              </ToolWindowInfo>
              <ToolWindowInfo>
                <option name="anchor" value="bottom" />
                <option name="bounds">
                  <Rectangle />
                </option>
                <option name="id" value="Version Control" />
                <option name="type" value="SLIDING" />
              </ToolWindowInfo>
              <ToolWindowInfo>
                <option name="anchor" value="bottom" />
                <option name="bounds">
                  <Rectangle />
                </option>
                <option name="id" value="Python Console" />
                <option name="type" value="SLIDING" />
              </ToolWindowInfo>
              <ToolWindowInfo>
                <option name="anchor" value="bottom" />
                <option name="bounds">
                  <Rectangle />
                </option>
                <option name="id" value="Run" />
                <option name="type" value="DOCKED" />
              </ToolWindowInfo>
              <ToolWindowInfo>
                <option name="anchor" value="bottom" />
                <option name="bounds">
                  <Rectangle />
                </option>
                <option name="id" value="Problems View" />
                <option name="type" value="SLIDING" />
              </ToolWindowInfo>
              <ToolWindowInfo>
                <option name="anchor" value="bottom" />
                <option name="bounds">
                  <Rectangle />
                </option>
                <option name="id" value="Terminal" />
                <option name="type" value="SLIDING" />
              </ToolWindowInfo>
              <ToolWindowInfo>
                <option name="anchor" value="left" />
                <option name="bounds">
                  <Rectangle />
                </option>
                <option name="id" value="Pull Requests" />
                <option name="type" value="DOCKED" />
              </ToolWindowInfo>
              <ToolWindowInfo>
                <option name="anchor" value="left" />
                <option name="bounds">
                  <Rectangle />
                </option>
                <option name="id" value="Project" />
                <option name="type" value="DOCKED" />
              </ToolWindowInfo>
              <ToolWindowInfo>
                <option name="anchor" value="bottom" />
                <option name="bounds">
                  <Rectangle />
                </option>
                <option name="id" value="Services" />
                <option name="type" value="DOCKED" />
              </ToolWindowInfo>
              <ToolWindowInfo>
                <option name="anchor" value="bottom" />
                <option name="bounds">
                  <Rectangle />
                </option>
                <option name="id" value="Commit" />
                <option name="type" value="SLIDING" />
              </ToolWindowInfo>
              <ToolWindowInfo>
                <option name="anchor" value="bottom" />
                <option name="bounds">
                  <Rectangle />
                </option>
                <option name="id" value="Find" />
                <option name="type" value="SLIDING" />
              </ToolWindowInfo>
              <ToolWindowInfo>
                <option name="anchor" value="left" />
                <option name="bounds">
                  <Rectangle />
                </option>
                <option name="id" value="Learn" />
                <option name="type" value="DOCKED" />
              </ToolWindowInfo>
              <ToolWindowInfo>
                <option name="anchor" value="left" />
                <option name="bounds">
                  <Rectangle />
                </option>
                <option name="id" value="Structure" />
                <option name="type" value="DOCKED" />
              </ToolWindowInfo>
              <ToolWindowInfo>
                <option name="anchor" value="left" />
                <option name="bounds">
                  <Rectangle />
                </option>
                <option name="id" value="Favorites" />
                <option name="type" value="DOCKED" />
              </ToolWindowInfo>
              <ToolWindowInfo>
                <option name="anchor" value="bottom" />
                <option name="bounds">
                  <Rectangle />
                </option>
                <option name="id" value="Debug" />
                <option name="type" value="DOCKED" />
              </ToolWindowInfo>
            </array>
          </option>
        </Layout>
      </array>
    </option>
  </component>
</application>