<application>
  <component name="ProjectJdkTable">
    <jdk version="2">
      <name value="Python 3.8 (venv)" />
      <type value="Python SDK" />
      <version value="Python 3.8.5" />
      <homePath value="$USER_HOME$/Dropbox/Programming/python/IndStudy/NewsHandling/venv/bin/python" />
      <roots>
        <annotationsPath>
          <root type="composite" />
        </annotationsPath>
        <classPath>
          <root type="composite">
            <root url="file:///usr/local/lib/python3.8" type="simple" />
            <root url="file:///usr/local/lib/python3.8/lib-dynload" type="simple" />
            <root url="file://$USER_HOME$/Dropbox/Programming/python/IndStudy/NewsHandling/venv/lib/python3.8/site-packages" type="simple" />
            <root url="file://$USER_HOME$/.cache/JetBrains/PyCharmCE2020.2/python_stubs/-1911134378" type="simple" />
            <root url="file://$APPLICATION_HOME_DIR$/plugins/python-ce/helpers/python-skeletons" type="simple" />
            <root url="file://$APPLICATION_HOME_DIR$/plugins/python-ce/helpers/typeshed/stdlib/3.7" type="simple" />
            <root url="file://$APPLICATION_HOME_DIR$/plugins/python-ce/helpers/typeshed/stdlib/3" type="simple" />
            <root url="file://$APPLICATION_HOME_DIR$/plugins/python-ce/helpers/typeshed/stdlib/2and3" type="simple" />
            <root url="file://$APPLICATION_HOME_DIR$/plugins/python-ce/helpers/typeshed/third_party/3" type="simple" />
            <root url="file://$APPLICATION_HOME_DIR$/plugins/python-ce/helpers/typeshed/third_party/2and3" type="simple" />
          </root>
        </classPath>
        <javadocPath>
          <root type="composite" />
        </javadocPath>
        <sourcePath>
          <root type="composite" />
        </sourcePath>
      </roots>
      <additional ASSOCIATED_PROJECT_PATH="$USER_HOME$/Dropbox/Programming/python/IndStudy/NewsHandling" />
    </jdk>
    <jdk version="2">
      <name value="openjdk-14" />
      <type value="JavaSDK" />
      <version value="java version &quot;14.0.2&quot;" />
      <homePath value="$USER_HOME$/.jdks/openjdk-14.0.2" />
      <roots>
        <annotationsPath>
          <root type="composite">
            <root url="jar://$APPLICATION_HOME_DIR$/plugins/java/lib/jdkAnnotations.jar!/" type="simple" />
          </root>
        </annotationsPath>
        <classPath>
          <root type="composite">
            <root url="jrt:///home/freshliver/.jdks/openjdk-14.0.2!/java.base" type="simple" />
            <root url="jrt:///home/freshliver/.jdks/openjdk-14.0.2!/java.compiler" type="simple" />
            <root url="jrt:///home/freshliver/.jdks/openjdk-14.0.2!/java.datatransfer" type="simple" />
            <root url="jrt:///home/freshliver/.jdks/openjdk-14.0.2!/java.desktop" type="simple" />
            <root url="jrt:///home/freshliver/.jdks/openjdk-14.0.2!/java.instrument" type="simple" />
            <root url="jrt:///home/freshliver/.jdks/openjdk-14.0.2!/java.logging" type="simple" />
            <root url="jrt:///home/freshliver/.jdks/openjdk-14.0.2!/java.management" type="simple" />
            <root url="jrt:///home/freshliver/.jdks/openjdk-14.0.2!/java.management.rmi" type="simple" />
            <root url="jrt:///home/freshliver/.jdks/openjdk-14.0.2!/java.naming" type="simple" />
            <root url="jrt:///home/freshliver/.jdks/openjdk-14.0.2!/java.net.http" type="simple" />
            <root url="jrt:///home/freshliver/.jdks/openjdk-14.0.2!/java.prefs" type="simple" />
            <root url="jrt:///home/freshliver/.jdks/openjdk-14.0.2!/java.rmi" type="simple" />
            <root url="jrt:///home/freshliver/.jdks/openjdk-14.0.2!/java.scripting" type="simple" />
            <root url="jrt:///home/freshliver/.jdks/openjdk-14.0.2!/java.se" type="simple" />
            <root url="jrt:///home/freshliver/.jdks/openjdk-14.0.2!/java.security.jgss" type="simple" />
            <root url="jrt:///home/freshliver/.jdks/openjdk-14.0.2!/java.security.sasl" type="simple" />
            <root url="jrt:///home/freshliver/.jdks/openjdk-14.0.2!/java.smartcardio" type="simple" />
            <root url="jrt:///home/freshliver/.jdks/openjdk-14.0.2!/java.sql" type="simple" />
            <root url="jrt:///home/freshliver/.jdks/openjdk-14.0.2!/java.sql.rowset" type="simple" />
            <root url="jrt:///home/freshliver/.jdks/openjdk-14.0.2!/java.transaction.xa" type="simple" />
            <root url="jrt:///home/freshliver/.jdks/openjdk-14.0.2!/java.xml" type="simple" />
            <root url="jrt:///home/freshliver/.jdks/openjdk-14.0.2!/java.xml.crypto" type="simple" />
            <root url="jrt:///home/freshliver/.jdks/openjdk-14.0.2!/jdk.accessibility" type="simple" />
            <root url="jrt:///home/freshliver/.jdks/openjdk-14.0.2!/jdk.aot" type="simple" />
            <root url="jrt:///home/freshliver/.jdks/openjdk-14.0.2!/jdk.attach" type="simple" />
            <root url="jrt:///home/freshliver/.jdks/openjdk-14.0.2!/jdk.charsets" type="simple" />
            <root url="jrt:///home/freshliver/.jdks/openjdk-14.0.2!/jdk.compiler" type="simple" />
            <root url="jrt:///home/freshliver/.jdks/openjdk-14.0.2!/jdk.crypto.cryptoki" type="simple" />
            <root url="jrt:///home/freshliver/.jdks/openjdk-14.0.2!/jdk.crypto.ec" type="simple" />
            <root url="jrt:///home/freshliver/.jdks/openjdk-14.0.2!/jdk.dynalink" type="simple" />
            <root url="jrt:///home/freshliver/.jdks/openjdk-14.0.2!/jdk.editpad" type="simple" />
            <root url="jrt:///home/freshliver/.jdks/openjdk-14.0.2!/jdk.hotspot.agent" type="simple" />
            <root url="jrt:///home/freshliver/.jdks/openjdk-14.0.2!/jdk.httpserver" type="simple" />
            <root url="jrt:///home/freshliver/.jdks/openjdk-14.0.2!/jdk.incubator.foreign" type="simple" />
            <root url="jrt:///home/freshliver/.jdks/openjdk-14.0.2!/jdk.incubator.jpackage" type="simple" />
            <root url="jrt:///home/freshliver/.jdks/openjdk-14.0.2!/jdk.internal.ed" type="simple" />
            <root url="jrt:///home/freshliver/.jdks/openjdk-14.0.2!/jdk.internal.jvmstat" type="simple" />
            <root url="jrt:///home/freshliver/.jdks/openjdk-14.0.2!/jdk.internal.le" type="simple" />
            <root url="jrt:///home/freshliver/.jdks/openjdk-14.0.2!/jdk.internal.opt" type="simple" />
            <root url="jrt:///home/freshliver/.jdks/openjdk-14.0.2!/jdk.internal.vm.ci" type="simple" />
            <root url="jrt:///home/freshliver/.jdks/openjdk-14.0.2!/jdk.internal.vm.compiler" type="simple" />
            <root url="jrt:///home/freshliver/.jdks/openjdk-14.0.2!/jdk.internal.vm.compiler.management" type="simple" />
            <root url="jrt:///home/freshliver/.jdks/openjdk-14.0.2!/jdk.jartool" type="simple" />
            <root url="jrt:///home/freshliver/.jdks/openjdk-14.0.2!/jdk.javadoc" type="simple" />
            <root url="jrt:///home/freshliver/.jdks/openjdk-14.0.2!/jdk.jcmd" type="simple" />
            <root url="jrt:///home/freshliver/.jdks/openjdk-14.0.2!/jdk.jconsole" type="simple" />
            <root url="jrt:///home/freshliver/.jdks/openjdk-14.0.2!/jdk.jdeps" type="simple" />
            <root url="jrt:///home/freshliver/.jdks/openjdk-14.0.2!/jdk.jdi" type="simple" />
            <root url="jrt:///home/freshliver/.jdks/openjdk-14.0.2!/jdk.jdwp.agent" type="simple" />
            <root url="jrt:///home/freshliver/.jdks/openjdk-14.0.2!/jdk.jfr" type="simple" />
            <root url="jrt:///home/freshliver/.jdks/openjdk-14.0.2!/jdk.jlink" type="simple" />
            <root url="jrt:///home/freshliver/.jdks/openjdk-14.0.2!/jdk.jshell" type="simple" />
            <root url="jrt:///home/freshliver/.jdks/openjdk-14.0.2!/jdk.jsobject" type="simple" />
            <root url="jrt:///home/freshliver/.jdks/openjdk-14.0.2!/jdk.jstatd" type="simple" />
            <root url="jrt:///home/freshliver/.jdks/openjdk-14.0.2!/jdk.localedata" type="simple" />
            <root url="jrt:///home/freshliver/.jdks/openjdk-14.0.2!/jdk.management" type="simple" />
            <root url="jrt:///home/freshliver/.jdks/openjdk-14.0.2!/jdk.management.agent" type="simple" />
            <root url="jrt:///home/freshliver/.jdks/openjdk-14.0.2!/jdk.management.jfr" type="simple" />
            <root url="jrt:///home/freshliver/.jdks/openjdk-14.0.2!/jdk.naming.dns" type="simple" />
            <root url="jrt:///home/freshliver/.jdks/openjdk-14.0.2!/jdk.naming.rmi" type="simple" />
            <root url="jrt:///home/freshliver/.jdks/openjdk-14.0.2!/jdk.net" type="simple" />
            <root url="jrt:///home/freshliver/.jdks/openjdk-14.0.2!/jdk.nio.mapmode" type="simple" />
            <root url="jrt:///home/freshliver/.jdks/openjdk-14.0.2!/jdk.rmic" type="simple" />
            <root url="jrt:///home/freshliver/.jdks/openjdk-14.0.2!/jdk.scripting.nashorn" type="simple" />
            <root url="jrt:///home/freshliver/.jdks/openjdk-14.0.2!/jdk.scripting.nashorn.shell" type="simple" />
            <root url="jrt:///home/freshliver/.jdks/openjdk-14.0.2!/jdk.sctp" type="simple" />
            <root url="jrt:///home/freshliver/.jdks/openjdk-14.0.2!/jdk.security.auth" type="simple" />
            <root url="jrt:///home/freshliver/.jdks/openjdk-14.0.2!/jdk.security.jgss" type="simple" />
            <root url="jrt:///home/freshliver/.jdks/openjdk-14.0.2!/jdk.unsupported" type="simple" />
            <root url="jrt:///home/freshliver/.jdks/openjdk-14.0.2!/jdk.unsupported.desktop" type="simple" />
            <root url="jrt:///home/freshliver/.jdks/openjdk-14.0.2!/jdk.xml.dom" type="simple" />
            <root url="jrt:///home/freshliver/.jdks/openjdk-14.0.2!/jdk.zipfs" type="simple" />
          </root>
        </classPath>
        <javadocPath>
          <root type="composite" />
        </javadocPath>
        <sourcePath>
          <root type="composite">
            <root url="jar://$USER_HOME$/.jdks/openjdk-14.0.2/lib/src.zip!/java.se" type="simple" />
            <root url="jar://$USER_HOME$/.jdks/openjdk-14.0.2/lib/src.zip!/jdk.aot" type="simple" />
            <root url="jar://$USER_HOME$/.jdks/openjdk-14.0.2/lib/src.zip!/jdk.jdi" type="simple" />
            <root url="jar://$USER_HOME$/.jdks/openjdk-14.0.2/lib/src.zip!/jdk.jfr" type="simple" />
            <root url="jar://$USER_HOME$/.jdks/openjdk-14.0.2/lib/src.zip!/jdk.net" type="simple" />
            <root url="jar://$USER_HOME$/.jdks/openjdk-14.0.2/lib/src.zip!/java.rmi" type="simple" />
            <root url="jar://$USER_HOME$/.jdks/openjdk-14.0.2/lib/src.zip!/java.sql" type="simple" />
            <root url="jar://$USER_HOME$/.jdks/openjdk-14.0.2/lib/src.zip!/java.xml" type="simple" />
            <root url="jar://$USER_HOME$/.jdks/openjdk-14.0.2/lib/src.zip!/jdk.jcmd" type="simple" />
            <root url="jar://$USER_HOME$/.jdks/openjdk-14.0.2/lib/src.zip!/jdk.rmic" type="simple" />
            <root url="jar://$USER_HOME$/.jdks/openjdk-14.0.2/lib/src.zip!/jdk.sctp" type="simple" />
            <root url="jar://$USER_HOME$/.jdks/openjdk-14.0.2/lib/src.zip!/java.base" type="simple" />
            <root url="jar://$USER_HOME$/.jdks/openjdk-14.0.2/lib/src.zip!/jdk.jdeps" type="simple" />
            <root url="jar://$USER_HOME$/.jdks/openjdk-14.0.2/lib/src.zip!/jdk.jlink" type="simple" />
            <root url="jar://$USER_HOME$/.jdks/openjdk-14.0.2/lib/src.zip!/jdk.zipfs" type="simple" />
            <root url="jar://$USER_HOME$/.jdks/openjdk-14.0.2/lib/src.zip!/java.prefs" type="simple" />
            <root url="jar://$USER_HOME$/.jdks/openjdk-14.0.2/lib/src.zip!/jdk.attach" type="simple" />
            <root url="jar://$USER_HOME$/.jdks/openjdk-14.0.2/lib/src.zip!/jdk.jshell" type="simple" />
            <root url="jar://$USER_HOME$/.jdks/openjdk-14.0.2/lib/src.zip!/jdk.jstatd" type="simple" />
            <root url="jar://$USER_HOME$/.jdks/openjdk-14.0.2/lib/src.zip!/java.naming" type="simple" />
            <root url="jar://$USER_HOME$/.jdks/openjdk-14.0.2/lib/src.zip!/jdk.editpad" type="simple" />
            <root url="jar://$USER_HOME$/.jdks/openjdk-14.0.2/lib/src.zip!/jdk.jartool" type="simple" />
            <root url="jar://$USER_HOME$/.jdks/openjdk-14.0.2/lib/src.zip!/jdk.javadoc" type="simple" />
            <root url="jar://$USER_HOME$/.jdks/openjdk-14.0.2/lib/src.zip!/jdk.xml.dom" type="simple" />
            <root url="jar://$USER_HOME$/.jdks/openjdk-14.0.2/lib/src.zip!/java.desktop" type="simple" />
            <root url="jar://$USER_HOME$/.jdks/openjdk-14.0.2/lib/src.zip!/java.logging" type="simple" />
            <root url="jar://$USER_HOME$/.jdks/openjdk-14.0.2/lib/src.zip!/jdk.charsets" type="simple" />
            <root url="jar://$USER_HOME$/.jdks/openjdk-14.0.2/lib/src.zip!/jdk.compiler" type="simple" />
            <root url="jar://$USER_HOME$/.jdks/openjdk-14.0.2/lib/src.zip!/jdk.dynalink" type="simple" />
            <root url="jar://$USER_HOME$/.jdks/openjdk-14.0.2/lib/src.zip!/jdk.jconsole" type="simple" />
            <root url="jar://$USER_HOME$/.jdks/openjdk-14.0.2/lib/src.zip!/jdk.jsobject" type="simple" />
            <root url="jar://$USER_HOME$/.jdks/openjdk-14.0.2/lib/src.zip!/java.compiler" type="simple" />
            <root url="jar://$USER_HOME$/.jdks/openjdk-14.0.2/lib/src.zip!/java.net.http" type="simple" />
            <root url="jar://$USER_HOME$/.jdks/openjdk-14.0.2/lib/src.zip!/jdk.crypto.ec" type="simple" />
            <root url="jar://$USER_HOME$/.jdks/openjdk-14.0.2/lib/src.zip!/java.scripting" type="simple" />
            <root url="jar://$USER_HOME$/.jdks/openjdk-14.0.2/lib/src.zip!/jdk.httpserver" type="simple" />
            <root url="jar://$USER_HOME$/.jdks/openjdk-14.0.2/lib/src.zip!/jdk.jdwp.agent" type="simple" />
            <root url="jar://$USER_HOME$/.jdks/openjdk-14.0.2/lib/src.zip!/jdk.localedata" type="simple" />
            <root url="jar://$USER_HOME$/.jdks/openjdk-14.0.2/lib/src.zip!/jdk.management" type="simple" />
            <root url="jar://$USER_HOME$/.jdks/openjdk-14.0.2/lib/src.zip!/jdk.naming.dns" type="simple" />
            <root url="jar://$USER_HOME$/.jdks/openjdk-14.0.2/lib/src.zip!/jdk.naming.rmi" type="simple" />
            <root url="jar://$USER_HOME$/.jdks/openjdk-14.0.2/lib/src.zip!/java.instrument" type="simple" />
            <root url="jar://$USER_HOME$/.jdks/openjdk-14.0.2/lib/src.zip!/java.management" type="simple" />
            <root url="jar://$USER_HOME$/.jdks/openjdk-14.0.2/lib/src.zip!/java.sql.rowset" type="simple" />
            <root url="jar://$USER_HOME$/.jdks/openjdk-14.0.2/lib/src.zip!/java.xml.crypto" type="simple" />
            <root url="jar://$USER_HOME$/.jdks/openjdk-14.0.2/lib/src.zip!/jdk.internal.ed" type="simple" />
            <root url="jar://$USER_HOME$/.jdks/openjdk-14.0.2/lib/src.zip!/jdk.internal.le" type="simple" />
            <root url="jar://$USER_HOME$/.jdks/openjdk-14.0.2/lib/src.zip!/jdk.nio.mapmode" type="simple" />
            <root url="jar://$USER_HOME$/.jdks/openjdk-14.0.2/lib/src.zip!/jdk.unsupported" type="simple" />
            <root url="jar://$USER_HOME$/.jdks/openjdk-14.0.2/lib/src.zip!/java.smartcardio" type="simple" />
            <root url="jar://$USER_HOME$/.jdks/openjdk-14.0.2/lib/src.zip!/jdk.internal.opt" type="simple" />
            <root url="jar://$USER_HOME$/.jdks/openjdk-14.0.2/lib/src.zip!/java.datatransfer" type="simple" />
            <root url="jar://$USER_HOME$/.jdks/openjdk-14.0.2/lib/src.zip!/jdk.accessibility" type="simple" />
            <root url="jar://$USER_HOME$/.jdks/openjdk-14.0.2/lib/src.zip!/jdk.hotspot.agent" type="simple" />
            <root url="jar://$USER_HOME$/.jdks/openjdk-14.0.2/lib/src.zip!/jdk.security.auth" type="simple" />
            <root url="jar://$USER_HOME$/.jdks/openjdk-14.0.2/lib/src.zip!/jdk.security.jgss" type="simple" />
            <root url="jar://$USER_HOME$/.jdks/openjdk-14.0.2/lib/src.zip!/java.security.jgss" type="simple" />
            <root url="jar://$USER_HOME$/.jdks/openjdk-14.0.2/lib/src.zip!/java.security.sasl" type="simple" />
            <root url="jar://$USER_HOME$/.jdks/openjdk-14.0.2/lib/src.zip!/jdk.internal.vm.ci" type="simple" />
            <root url="jar://$USER_HOME$/.jdks/openjdk-14.0.2/lib/src.zip!/jdk.management.jfr" type="simple" />
            <root url="jar://$USER_HOME$/.jdks/openjdk-14.0.2/lib/src.zip!/java.management.rmi" type="simple" />
            <root url="jar://$USER_HOME$/.jdks/openjdk-14.0.2/lib/src.zip!/java.transaction.xa" type="simple" />
            <root url="jar://$USER_HOME$/.jdks/openjdk-14.0.2/lib/src.zip!/jdk.crypto.cryptoki" type="simple" />
            <root url="jar://$USER_HOME$/.jdks/openjdk-14.0.2/lib/src.zip!/jdk.internal.jvmstat" type="simple" />
            <root url="jar://$USER_HOME$/.jdks/openjdk-14.0.2/lib/src.zip!/jdk.management.agent" type="simple" />
            <root url="jar://$USER_HOME$/.jdks/openjdk-14.0.2/lib/src.zip!/jdk.incubator.foreign" type="simple" />
            <root url="jar://$USER_HOME$/.jdks/openjdk-14.0.2/lib/src.zip!/jdk.scripting.nashorn" type="simple" />
            <root url="jar://$USER_HOME$/.jdks/openjdk-14.0.2/lib/src.zip!/jdk.incubator.jpackage" type="simple" />
            <root url="jar://$USER_HOME$/.jdks/openjdk-14.0.2/lib/src.zip!/jdk.unsupported.desktop" type="simple" />
            <root url="jar://$USER_HOME$/.jdks/openjdk-14.0.2/lib/src.zip!/jdk.internal.vm.compiler" type="simple" />
            <root url="jar://$USER_HOME$/.jdks/openjdk-14.0.2/lib/src.zip!/jdk.scripting.nashorn.shell" type="simple" />
            <root url="jar://$USER_HOME$/.jdks/openjdk-14.0.2/lib/src.zip!/jdk.internal.vm.compiler.management" type="simple" />
          </root>
        </sourcePath>
      </roots>
      <additional />
    </jdk>
    <jdk version="2">
      <name value="adopt-openjdk-14" />
      <type value="JavaSDK" />
      <version value="java version &quot;14.0.2&quot;" />
      <homePath value="$USER_HOME$/.jdks/adopt-openjdk-14.0.2" />
      <roots>
        <annotationsPath>
          <root type="composite">
            <root url="jar://$APPLICATION_HOME_DIR$/plugins/java/lib/jdkAnnotations.jar!/" type="simple" />
          </root>
        </annotationsPath>
        <classPath>
          <root type="composite">
            <root url="jrt:///home/freshliver/.jdks/adopt-openjdk-14.0.2!/java.base" type="simple" />
            <root url="jrt:///home/freshliver/.jdks/adopt-openjdk-14.0.2!/java.compiler" type="simple" />
            <root url="jrt:///home/freshliver/.jdks/adopt-openjdk-14.0.2!/java.datatransfer" type="simple" />
            <root url="jrt:///home/freshliver/.jdks/adopt-openjdk-14.0.2!/java.desktop" type="simple" />
            <root url="jrt:///home/freshliver/.jdks/adopt-openjdk-14.0.2!/java.instrument" type="simple" />
            <root url="jrt:///home/freshliver/.jdks/adopt-openjdk-14.0.2!/java.logging" type="simple" />
            <root url="jrt:///home/freshliver/.jdks/adopt-openjdk-14.0.2!/java.management" type="simple" />
            <root url="jrt:///home/freshliver/.jdks/adopt-openjdk-14.0.2!/java.management.rmi" type="simple" />
            <root url="jrt:///home/freshliver/.jdks/adopt-openjdk-14.0.2!/java.naming" type="simple" />
            <root url="jrt:///home/freshliver/.jdks/adopt-openjdk-14.0.2!/java.net.http" type="simple" />
            <root url="jrt:///home/freshliver/.jdks/adopt-openjdk-14.0.2!/java.prefs" type="simple" />
            <root url="jrt:///home/freshliver/.jdks/adopt-openjdk-14.0.2!/java.rmi" type="simple" />
            <root url="jrt:///home/freshliver/.jdks/adopt-openjdk-14.0.2!/java.scripting" type="simple" />
            <root url="jrt:///home/freshliver/.jdks/adopt-openjdk-14.0.2!/java.se" type="simple" />
            <root url="jrt:///home/freshliver/.jdks/adopt-openjdk-14.0.2!/java.security.jgss" type="simple" />
            <root url="jrt:///home/freshliver/.jdks/adopt-openjdk-14.0.2!/java.security.sasl" type="simple" />
            <root url="jrt:///home/freshliver/.jdks/adopt-openjdk-14.0.2!/java.smartcardio" type="simple" />
            <root url="jrt:///home/freshliver/.jdks/adopt-openjdk-14.0.2!/java.sql" type="simple" />
            <root url="jrt:///home/freshliver/.jdks/adopt-openjdk-14.0.2!/java.sql.rowset" type="simple" />
            <root url="jrt:///home/freshliver/.jdks/adopt-openjdk-14.0.2!/java.transaction.xa" type="simple" />
            <root url="jrt:///home/freshliver/.jdks/adopt-openjdk-14.0.2!/java.xml" type="simple" />
            <root url="jrt:///home/freshliver/.jdks/adopt-openjdk-14.0.2!/java.xml.crypto" type="simple" />
            <root url="jrt:///home/freshliver/.jdks/adopt-openjdk-14.0.2!/jdk.accessibility" type="simple" />
            <root url="jrt:///home/freshliver/.jdks/adopt-openjdk-14.0.2!/jdk.aot" type="simple" />
            <root url="jrt:///home/freshliver/.jdks/adopt-openjdk-14.0.2!/jdk.attach" type="simple" />
            <root url="jrt:///home/freshliver/.jdks/adopt-openjdk-14.0.2!/jdk.charsets" type="simple" />
            <root url="jrt:///home/freshliver/.jdks/adopt-openjdk-14.0.2!/jdk.compiler" type="simple" />
            <root url="jrt:///home/freshliver/.jdks/adopt-openjdk-14.0.2!/jdk.crypto.cryptoki" type="simple" />
            <root url="jrt:///home/freshliver/.jdks/adopt-openjdk-14.0.2!/jdk.crypto.ec" type="simple" />
            <root url="jrt:///home/freshliver/.jdks/adopt-openjdk-14.0.2!/jdk.dynalink" type="simple" />
            <root url="jrt:///home/freshliver/.jdks/adopt-openjdk-14.0.2!/jdk.editpad" type="simple" />
            <root url="jrt:///home/freshliver/.jdks/adopt-openjdk-14.0.2!/jdk.hotspot.agent" type="simple" />
            <root url="jrt:///home/freshliver/.jdks/adopt-openjdk-14.0.2!/jdk.httpserver" type="simple" />
            <root url="jrt:///home/freshliver/.jdks/adopt-openjdk-14.0.2!/jdk.incubator.foreign" type="simple" />
            <root url="jrt:///home/freshliver/.jdks/adopt-openjdk-14.0.2!/jdk.incubator.jpackage" type="simple" />
            <root url="jrt:///home/freshliver/.jdks/adopt-openjdk-14.0.2!/jdk.internal.ed" type="simple" />
            <root url="jrt:///home/freshliver/.jdks/adopt-openjdk-14.0.2!/jdk.internal.jvmstat" type="simple" />
            <root url="jrt:///home/freshliver/.jdks/adopt-openjdk-14.0.2!/jdk.internal.le" type="simple" />
            <root url="jrt:///home/freshliver/.jdks/adopt-openjdk-14.0.2!/jdk.internal.opt" type="simple" />
            <root url="jrt:///home/freshliver/.jdks/adopt-openjdk-14.0.2!/jdk.internal.vm.ci" type="simple" />
            <root url="jrt:///home/freshliver/.jdks/adopt-openjdk-14.0.2!/jdk.internal.vm.compiler" type="simple" />
            <root url="jrt:///home/freshliver/.jdks/adopt-openjdk-14.0.2!/jdk.internal.vm.compiler.management" type="simple" />
            <root url="jrt:///home/freshliver/.jdks/adopt-openjdk-14.0.2!/jdk.jartool" type="simple" />
            <root url="jrt:///home/freshliver/.jdks/adopt-openjdk-14.0.2!/jdk.javadoc" type="simple" />
            <root url="jrt:///home/freshliver/.jdks/adopt-openjdk-14.0.2!/jdk.jcmd" type="simple" />
            <root url="jrt:///home/freshliver/.jdks/adopt-openjdk-14.0.2!/jdk.jconsole" type="simple" />
            <root url="jrt:///home/freshliver/.jdks/adopt-openjdk-14.0.2!/jdk.jdeps" type="simple" />
            <root url="jrt:///home/freshliver/.jdks/adopt-openjdk-14.0.2!/jdk.jdi" type="simple" />
            <root url="jrt:///home/freshliver/.jdks/adopt-openjdk-14.0.2!/jdk.jdwp.agent" type="simple" />
            <root url="jrt:///home/freshliver/.jdks/adopt-openjdk-14.0.2!/jdk.jfr" type="simple" />
            <root url="jrt:///home/freshliver/.jdks/adopt-openjdk-14.0.2!/jdk.jlink" type="simple" />
            <root url="jrt:///home/freshliver/.jdks/adopt-openjdk-14.0.2!/jdk.jshell" type="simple" />
            <root url="jrt:///home/freshliver/.jdks/adopt-openjdk-14.0.2!/jdk.jsobject" type="simple" />
            <root url="jrt:///home/freshliver/.jdks/adopt-openjdk-14.0.2!/jdk.jstatd" type="simple" />
            <root url="jrt:///home/freshliver/.jdks/adopt-openjdk-14.0.2!/jdk.localedata" type="simple" />
            <root url="jrt:///home/freshliver/.jdks/adopt-openjdk-14.0.2!/jdk.management" type="simple" />
            <root url="jrt:///home/freshliver/.jdks/adopt-openjdk-14.0.2!/jdk.management.agent" type="simple" />
            <root url="jrt:///home/freshliver/.jdks/adopt-openjdk-14.0.2!/jdk.management.jfr" type="simple" />
            <root url="jrt:///home/freshliver/.jdks/adopt-openjdk-14.0.2!/jdk.naming.dns" type="simple" />
            <root url="jrt:///home/freshliver/.jdks/adopt-openjdk-14.0.2!/jdk.naming.rmi" type="simple" />
            <root url="jrt:///home/freshliver/.jdks/adopt-openjdk-14.0.2!/jdk.net" type="simple" />
            <root url="jrt:///home/freshliver/.jdks/adopt-openjdk-14.0.2!/jdk.nio.mapmode" type="simple" />
            <root url="jrt:///home/freshliver/.jdks/adopt-openjdk-14.0.2!/jdk.rmic" type="simple" />
            <root url="jrt:///home/freshliver/.jdks/adopt-openjdk-14.0.2!/jdk.scripting.nashorn" type="simple" />
            <root url="jrt:///home/freshliver/.jdks/adopt-openjdk-14.0.2!/jdk.scripting.nashorn.shell" type="simple" />
            <root url="jrt:///home/freshliver/.jdks/adopt-openjdk-14.0.2!/jdk.sctp" type="simple" />
            <root url="jrt:///home/freshliver/.jdks/adopt-openjdk-14.0.2!/jdk.security.auth" type="simple" />
            <root url="jrt:///home/freshliver/.jdks/adopt-openjdk-14.0.2!/jdk.security.jgss" type="simple" />
            <root url="jrt:///home/freshliver/.jdks/adopt-openjdk-14.0.2!/jdk.unsupported" type="simple" />
            <root url="jrt:///home/freshliver/.jdks/adopt-openjdk-14.0.2!/jdk.unsupported.desktop" type="simple" />
            <root url="jrt:///home/freshliver/.jdks/adopt-openjdk-14.0.2!/jdk.xml.dom" type="simple" />
            <root url="jrt:///home/freshliver/.jdks/adopt-openjdk-14.0.2!/jdk.zipfs" type="simple" />
          </root>
        </classPath>
        <javadocPath>
          <root type="composite" />
        </javadocPath>
        <sourcePath>
          <root type="composite">
            <root url="jar://$USER_HOME$/.jdks/adopt-openjdk-14.0.2/lib/src.zip!/java.se" type="simple" />
            <root url="jar://$USER_HOME$/.jdks/adopt-openjdk-14.0.2/lib/src.zip!/jdk.aot" type="simple" />
            <root url="jar://$USER_HOME$/.jdks/adopt-openjdk-14.0.2/lib/src.zip!/jdk.jdi" type="simple" />
            <root url="jar://$USER_HOME$/.jdks/adopt-openjdk-14.0.2/lib/src.zip!/jdk.jfr" type="simple" />
            <root url="jar://$USER_HOME$/.jdks/adopt-openjdk-14.0.2/lib/src.zip!/jdk.net" type="simple" />
            <root url="jar://$USER_HOME$/.jdks/adopt-openjdk-14.0.2/lib/src.zip!/java.rmi" type="simple" />
            <root url="jar://$USER_HOME$/.jdks/adopt-openjdk-14.0.2/lib/src.zip!/java.sql" type="simple" />
            <root url="jar://$USER_HOME$/.jdks/adopt-openjdk-14.0.2/lib/src.zip!/java.xml" type="simple" />
            <root url="jar://$USER_HOME$/.jdks/adopt-openjdk-14.0.2/lib/src.zip!/jdk.jcmd" type="simple" />
            <root url="jar://$USER_HOME$/.jdks/adopt-openjdk-14.0.2/lib/src.zip!/jdk.rmic" type="simple" />
            <root url="jar://$USER_HOME$/.jdks/adopt-openjdk-14.0.2/lib/src.zip!/jdk.sctp" type="simple" />
            <root url="jar://$USER_HOME$/.jdks/adopt-openjdk-14.0.2/lib/src.zip!/java.base" type="simple" />
            <root url="jar://$USER_HOME$/.jdks/adopt-openjdk-14.0.2/lib/src.zip!/jdk.jdeps" type="simple" />
            <root url="jar://$USER_HOME$/.jdks/adopt-openjdk-14.0.2/lib/src.zip!/jdk.jlink" type="simple" />
            <root url="jar://$USER_HOME$/.jdks/adopt-openjdk-14.0.2/lib/src.zip!/jdk.zipfs" type="simple" />
            <root url="jar://$USER_HOME$/.jdks/adopt-openjdk-14.0.2/lib/src.zip!/java.prefs" type="simple" />
            <root url="jar://$USER_HOME$/.jdks/adopt-openjdk-14.0.2/lib/src.zip!/jdk.attach" type="simple" />
            <root url="jar://$USER_HOME$/.jdks/adopt-openjdk-14.0.2/lib/src.zip!/jdk.jshell" type="simple" />
            <root url="jar://$USER_HOME$/.jdks/adopt-openjdk-14.0.2/lib/src.zip!/jdk.jstatd" type="simple" />
            <root url="jar://$USER_HOME$/.jdks/adopt-openjdk-14.0.2/lib/src.zip!/java.naming" type="simple" />
            <root url="jar://$USER_HOME$/.jdks/adopt-openjdk-14.0.2/lib/src.zip!/jdk.editpad" type="simple" />
            <root url="jar://$USER_HOME$/.jdks/adopt-openjdk-14.0.2/lib/src.zip!/jdk.jartool" type="simple" />
            <root url="jar://$USER_HOME$/.jdks/adopt-openjdk-14.0.2/lib/src.zip!/jdk.javadoc" type="simple" />
            <root url="jar://$USER_HOME$/.jdks/adopt-openjdk-14.0.2/lib/src.zip!/jdk.xml.dom" type="simple" />
            <root url="jar://$USER_HOME$/.jdks/adopt-openjdk-14.0.2/lib/src.zip!/java.desktop" type="simple" />
            <root url="jar://$USER_HOME$/.jdks/adopt-openjdk-14.0.2/lib/src.zip!/java.logging" type="simple" />
            <root url="jar://$USER_HOME$/.jdks/adopt-openjdk-14.0.2/lib/src.zip!/jdk.charsets" type="simple" />
            <root url="jar://$USER_HOME$/.jdks/adopt-openjdk-14.0.2/lib/src.zip!/jdk.compiler" type="simple" />
            <root url="jar://$USER_HOME$/.jdks/adopt-openjdk-14.0.2/lib/src.zip!/jdk.dynalink" type="simple" />
            <root url="jar://$USER_HOME$/.jdks/adopt-openjdk-14.0.2/lib/src.zip!/jdk.jconsole" type="simple" />
            <root url="jar://$USER_HOME$/.jdks/adopt-openjdk-14.0.2/lib/src.zip!/jdk.jsobject" type="simple" />
            <root url="jar://$USER_HOME$/.jdks/adopt-openjdk-14.0.2/lib/src.zip!/java.compiler" type="simple" />
            <root url="jar://$USER_HOME$/.jdks/adopt-openjdk-14.0.2/lib/src.zip!/java.net.http" type="simple" />
            <root url="jar://$USER_HOME$/.jdks/adopt-openjdk-14.0.2/lib/src.zip!/jdk.crypto.ec" type="simple" />
            <root url="jar://$USER_HOME$/.jdks/adopt-openjdk-14.0.2/lib/src.zip!/java.scripting" type="simple" />
            <root url="jar://$USER_HOME$/.jdks/adopt-openjdk-14.0.2/lib/src.zip!/jdk.httpserver" type="simple" />
            <root url="jar://$USER_HOME$/.jdks/adopt-openjdk-14.0.2/lib/src.zip!/jdk.jdwp.agent" type="simple" />
            <root url="jar://$USER_HOME$/.jdks/adopt-openjdk-14.0.2/lib/src.zip!/jdk.localedata" type="simple" />
            <root url="jar://$USER_HOME$/.jdks/adopt-openjdk-14.0.2/lib/src.zip!/jdk.management" type="simple" />
            <root url="jar://$USER_HOME$/.jdks/adopt-openjdk-14.0.2/lib/src.zip!/jdk.naming.dns" type="simple" />
            <root url="jar://$USER_HOME$/.jdks/adopt-openjdk-14.0.2/lib/src.zip!/jdk.naming.rmi" type="simple" />
            <root url="jar://$USER_HOME$/.jdks/adopt-openjdk-14.0.2/lib/src.zip!/java.instrument" type="simple" />
            <root url="jar://$USER_HOME$/.jdks/adopt-openjdk-14.0.2/lib/src.zip!/java.management" type="simple" />
            <root url="jar://$USER_HOME$/.jdks/adopt-openjdk-14.0.2/lib/src.zip!/java.sql.rowset" type="simple" />
            <root url="jar://$USER_HOME$/.jdks/adopt-openjdk-14.0.2/lib/src.zip!/java.xml.crypto" type="simple" />
            <root url="jar://$USER_HOME$/.jdks/adopt-openjdk-14.0.2/lib/src.zip!/jdk.internal.ed" type="simple" />
            <root url="jar://$USER_HOME$/.jdks/adopt-openjdk-14.0.2/lib/src.zip!/jdk.internal.le" type="simple" />
            <root url="jar://$USER_HOME$/.jdks/adopt-openjdk-14.0.2/lib/src.zip!/jdk.nio.mapmode" type="simple" />
            <root url="jar://$USER_HOME$/.jdks/adopt-openjdk-14.0.2/lib/src.zip!/jdk.unsupported" type="simple" />
            <root url="jar://$USER_HOME$/.jdks/adopt-openjdk-14.0.2/lib/src.zip!/java.smartcardio" type="simple" />
            <root url="jar://$USER_HOME$/.jdks/adopt-openjdk-14.0.2/lib/src.zip!/jdk.internal.opt" type="simple" />
            <root url="jar://$USER_HOME$/.jdks/adopt-openjdk-14.0.2/lib/src.zip!/java.datatransfer" type="simple" />
            <root url="jar://$USER_HOME$/.jdks/adopt-openjdk-14.0.2/lib/src.zip!/jdk.accessibility" type="simple" />
            <root url="jar://$USER_HOME$/.jdks/adopt-openjdk-14.0.2/lib/src.zip!/jdk.hotspot.agent" type="simple" />
            <root url="jar://$USER_HOME$/.jdks/adopt-openjdk-14.0.2/lib/src.zip!/jdk.security.auth" type="simple" />
            <root url="jar://$USER_HOME$/.jdks/adopt-openjdk-14.0.2/lib/src.zip!/jdk.security.jgss" type="simple" />
            <root url="jar://$USER_HOME$/.jdks/adopt-openjdk-14.0.2/lib/src.zip!/java.security.jgss" type="simple" />
            <root url="jar://$USER_HOME$/.jdks/adopt-openjdk-14.0.2/lib/src.zip!/java.security.sasl" type="simple" />
            <root url="jar://$USER_HOME$/.jdks/adopt-openjdk-14.0.2/lib/src.zip!/jdk.internal.vm.ci" type="simple" />
            <root url="jar://$USER_HOME$/.jdks/adopt-openjdk-14.0.2/lib/src.zip!/jdk.management.jfr" type="simple" />
            <root url="jar://$USER_HOME$/.jdks/adopt-openjdk-14.0.2/lib/src.zip!/java.management.rmi" type="simple" />
            <root url="jar://$USER_HOME$/.jdks/adopt-openjdk-14.0.2/lib/src.zip!/java.transaction.xa" type="simple" />
            <root url="jar://$USER_HOME$/.jdks/adopt-openjdk-14.0.2/lib/src.zip!/jdk.crypto.cryptoki" type="simple" />
            <root url="jar://$USER_HOME$/.jdks/adopt-openjdk-14.0.2/lib/src.zip!/jdk.internal.jvmstat" type="simple" />
            <root url="jar://$USER_HOME$/.jdks/adopt-openjdk-14.0.2/lib/src.zip!/jdk.management.agent" type="simple" />
            <root url="jar://$USER_HOME$/.jdks/adopt-openjdk-14.0.2/lib/src.zip!/jdk.incubator.foreign" type="simple" />
            <root url="jar://$USER_HOME$/.jdks/adopt-openjdk-14.0.2/lib/src.zip!/jdk.scripting.nashorn" type="simple" />
            <root url="jar://$USER_HOME$/.jdks/adopt-openjdk-14.0.2/lib/src.zip!/jdk.incubator.jpackage" type="simple" />
            <root url="jar://$USER_HOME$/.jdks/adopt-openjdk-14.0.2/lib/src.zip!/jdk.unsupported.desktop" type="simple" />
            <root url="jar://$USER_HOME$/.jdks/adopt-openjdk-14.0.2/lib/src.zip!/jdk.internal.vm.compiler" type="simple" />
            <root url="jar://$USER_HOME$/.jdks/adopt-openjdk-14.0.2/lib/src.zip!/jdk.scripting.nashorn.shell" type="simple" />
            <root url="jar://$USER_HOME$/.jdks/adopt-openjdk-14.0.2/lib/src.zip!/jdk.internal.vm.compiler.management" type="simple" />
          </root>
        </sourcePath>
      </roots>
      <additional />
    </jdk>
  </component>
</application>