<application>
  <component name="DesignSurface">
    <option name="filePathToZoomLevelMap">
      <map>
        <entry key="../../../../../layout/custom_preview.xml" value="0.1" />
        <entry key="app/src/main/res/drawable-v24/ic_launcher_foreground.xml" value="0.2851851851851852" />
        <entry key="app/src/main/res/drawable/ic_launcher_background.xml" value="0.2851851851851852" />
        <entry key="app/src/main/res/drawable/ic_more_screenshot_actions.xml" value="0.30092592592592593" />
        <entry key="app/src/main/res/drawable/ic_screenshot_crop.xml" value="0.2851851851851852" />
        <entry key="app/src/main/res/drawable/ic_screenshot_discard.xml" value="0.2851851851851852" />
        <entry key="app/src/main/res/drawable/ic_screenshot_done.xml" value="0.2851851851851852" />
        <entry key="app/src/main/res/drawable/ic_screenshot_flip.xml" value="0.2851851851851852" />
        <entry key="app/src/main/res/drawable/ic_screenshot_rotate_left.xml" value="0.2851851851851852" />
        <entry key="app/src/main/res/drawable/ic_screenshot_rotate_left_24.xml" value="0.17735042735042736" />
        <entry key="app/src/main/res/drawable/ic_screenshot_rotate_right.xml" value="0.2851851851851852" />
        <entry key="app/src/main/res/drawable/ic_screenshot_rotate_right_24.xml" value="0.17735042735042736" />
        <entry key="app/src/main/res/layout/activity_assist.xml" value="0.3614583333333333" />
        <entry key="app/src/main/res/layout/activity_assistant.xml" value="0.2351851851851852" />
        <entry key="app/src/main/res/layout/activity_launch.xml" value="0.1" />
        <entry key="app/src/main/res/layout/activity_main.xml" value="0.25833333333333336" />
        <entry key="app/src/main/res/layout/dialog_assistant.xml" value="0.3614583333333333" />
        <entry key="app/src/main/res/layout/dialog_loading.xml" value="0.2965811965811966" />
        <entry key="app/src/main/res/layout/fragment_editor.xml" value="0.24074074074074073" />
        <entry key="app/src/main/res/layout/fragment_home.xml" value="0.23796296296296296" />
        <entry key="app/src/main/res/xml/assistant_config.xml" value="0.3614583333333333" />
        <entry key="app/src/main/res/xml/fileprovider.xml" value="0.2965811965811966" />
      </map>
    </option>
  </component>
</application>