<application>
  <component name="CodeInsightSettings">
    <option name="SHOW_PARAMETER_NAME_HINTS_ON_COMPLETION" value="true" />
    <option name="COMPLETION_CASE_SENSITIVE" value="2" />
    <option name="REFORMAT_ON_PASTE" value="1" />
    <option name="INDENT_TO_CARET_ON_PASTE" value="true" />
  </component>
  <component name="DefaultFont">
    <option name="FONT_SIZE" value="16" />
    <option name="FONT_FAMILY" value="JetBrains Mono Medium" />
    <option name="LINE_SPACING" value="1.3" />
    <option name="USE_LIGATURES" value="true" />
    <option name="SECONDARY_FONT_FAMILY" value="Noto Sans Mono CJK TC Bold" />
  </component>
  <component name="EditorSettings">
    <option name="USE_SOFT_WRAPS" value="CONSOLE" />
    <option name="IS_WHEEL_FONTCHANGE_ENABLED" value="true" />
  </component>
  <component name="TodoConfiguration">
    <pattern pattern="\b(todo|fixme)\b.*" />
    <pattern useCustomColors="true" pattern="\ (debug|test|sample)">
      <option name="FOREGROUND" value="dadc" />
      <option name="FONT_TYPE" value="2" />
      <option name="ERROR_STRIPE_COLOR" value="bfdc" />
    </pattern>
  </component>
</application>